Time, Center Speed, Front Right Speed, Back Right Speed, Front Left Speed, Back Left Speed, Front Right Angle,,,
"	Back Right Angle", Front Left Angle, Back Left Angle,,,,,,,
8.52616,0.00335276,0.991032,0.991032,1.00903,1.00903,-0.0080518,0.00809315,-0.00790817,0.00794878
8.6352779,0.00568107,0.991032,0.991033,1.00903,1.00903,-0.00802314,0.00812181,-0.00788002,0.00797693
8.7344824,0.0127591,1.00804,0.99204,1.00804,0.992041,-1.57966,-1.5798,-1.5618,-1.56166
8.8093578,0.0111759,1.00804,0.99204,1.00804,0.992041,-1.57967,-1.57981,-1.56181,-1.56167
8.8991217,0.0141561,1.00804,0.99204,1.00804,0.992041,-1.57965,-1.5798,-1.5618,-1.56165
8.9750369,0.0162981,1.00804,0.99204,1.00804,0.992042,-1.57964,-1.57979,-1.56179,-1.56164
9.0528802,0.0174157,1.00804,0.99204,1.00804,0.992042,-1.57964,-1.57978,-1.56178,-1.56164
9.1277778,0.0145286,1.00804,0.99204,1.00804,0.992041,-1.57965,-1.5798,-1.5618,-1.56165
9.2051863,0.0179745,1.00804,0.99204,1.00804,0.992042,-1.57964,-1.57978,-1.56178,-1.56163
9.2845145,0.0210479,1.00796,0.992114,1.00797,0.992116,-1.57954,-1.57968,-1.56185,-1.5617
9.3678692,0.0223517,1.00763,0.992446,1.00763,0.992447,-1.57916,-1.57929,-1.56221,-1.56208
9.4422731,0.0224449,1.00721,0.992852,1.00721,0.992853,-1.57871,-1.57883,-1.56267,-1.56255
9.5255968,0.0250526,1.00597,0.994071,1.00597,0.994072,-1.57734,-1.57742,-1.56403,-1.56395
9.6074416,0.0276603,1.00369,0.99633,1.00369,0.99633,-1.57482,-1.57485,-1.56657,-1.56654
9.6877596,0.0286847,1.00144,0.998558,1.00144,0.998558,-1.57235,-1.57236,-1.56911,-1.5691
9.7701295,0.0298955,0.999134,1.00087,0.999134,1.00087,-1.56985,-1.56985,-1.5718,-1.5718
9.8722999,0.0358559,0.996497,1.00352,0.996497,1.00352,-1.56685,-1.56688,-1.57478,-1.57475
9.965519,0.035204,0.994126,1.00592,0.994127,1.00592,-1.5642,-1.56428,-1.57755,-1.57747
10.0473921,0.0349246,0.9918,1.00828,0.991802,1.00829,-1.56158,-1.56173,-1.58028,-1.58012
10.1208044,0.0296161,0.989959,1.01017,0.989962,1.01017,-1.55947,-1.55969,-1.58243,-1.5822
10.2422897,0.0244938,0.988489,1.01168,0.988493,1.01168,-1.55776,-1.55806,-1.58415,-1.58384
10.3201884,0.0515953,0.985811,1.01444,0.985823,1.01445,-1.55484,-1.55529,-1.58751,-1.58704
10.4003643,0.0353903,0.985044,1.01523,0.985055,1.01524,-1.55388,-1.55438,-1.58836,-1.58784
10.4757911,0.0349031,0.985572,1.017,0.983276,1.01478,-1.48806,-1.49062,-1.52402,-1.52548
10.5526362,0.0340892,0.986339,1.01871,0.981547,1.01408,-1.42174,-1.42651,-1.45884,-1.46244
10.6458843,0.0266316,0.986415,1.0193,0.980961,1.01402,-1.40597,-1.41133,-1.44367,-1.44784
10.747099,0.0450318,0.986233,1.01923,0.981037,1.0142,-1.41316,-1.41831,-1.451,-1.45493
10.820522,0.0322534,0.985791,1.01889,0.981392,1.01463,-1.43449,-1.43895,-1.47243,-1.47566
10.8998505,0.0336831,0.984599,1.01804,0.982278,1.0158,-1.49012,-1.49278,-1.52842,-1.52982
10.9990783,0.0379981,0.981995,1.01851,0.981909,1.01843,-1.54778,-1.54861,-1.58963,-1.58896
11.1180935,0.0627712,0.974523,1.02637,0.974477,1.02633,-1.54006,-1.54161,-1.59996,-1.59848
11.1944745,0.0538304,0.967914,1.03338,0.96798,1.03344,-1.53362,-1.53598,-1.60978,-1.60731
11.2708897,0.0271946,0.965009,1.03657,0.965055,1.03661,-1.52962,-1.53246,-1.61313,-1.61021
11.3462521,0.0129454,0.9647,1.03693,0.964725,1.03695,-1.52893,-1.53185,-1.61326,-1.6103
12.9314654,0.00195578,0.964699,1.03693,0.964727,1.03696,-1.52898,-1.53189,-1.6133,-1.61034
13.0162821,0.0141002,0.961925,1.0338,0.968044,1.0395,-1.60461,-1.60226,-1.68824,-1.68013
13.1199447,0.00784304,0.965909,1.03011,0.971367,1.03523,-1.60912,-1.60673,-1.68354,-1.67656
13.2295609,0.00133345,0.966996,1.02911,0.972273,1.03407,-1.61032,-1.60794,-1.68225,-1.67556
13.6001051,0.00856817,0.962066,1.03365,0.968188,1.03935,-1.60516,-1.60278,-1.68843,-1.68034
13.7121681,0.00111759,0.956783,1.03858,0.963816,1.04506,-1.59937,-1.59712,-1.69499,-1.68529
13.9805052,0.0069144,0.964886,1.03102,0.970544,1.03632,-1.60844,-1.60602,-1.68517,-1.67788
14.0589036,0.0164151,0.965057,1.02773,0.973779,1.03593,-1.65805,-1.65272,-1.73051,-1.72085
14.1328082,0.0222866,0.966101,1.03153,0.969947,1.03513,-1.58506,-1.58415,-1.66102,-1.65532
14.268218,0.0380692,0.965421,1.03136,0.97017,1.0358,-1.59653,-1.59488,-1.67306,-1.66656
14.3416236,0.0771171,0.962947,1.03788,0.963932,1.0388,-1.53868,-1.541,-1.62625,-1.62225
14.4209515,0.066217,0.95839,1.04377,0.958546,1.04392,-1.52223,-1.5262,-1.6226,-1.61836
14.4998466,0.0715256,0.951931,1.05097,0.952155,1.05118,-1.51416,-1.51951,-1.63144,-1.62572
14.5757351,0.0741333,0.946154,1.0575,0.946458,1.05778,-1.50686,-1.5136,-1.63958,-1.63233
14.6813512,0.0620261,0.941285,1.06315,0.941601,1.06343,-1.50005,-1.50817,-1.64613,-1.63748
14.7587597,0.110827,0.934149,1.07119,0.934849,1.0718,-1.4925,-1.50254,-1.65811,-1.64693
14.8346471,0.0850298,0.932339,1.07344,0.932962,1.07398,-1.48925,-1.49999,-1.66014,-1.64839
14.9412847,0.0855885,0.932193,1.07359,0.93284,1.07415,-1.4892,-1.49997,-1.66048,-1.64866
15.0434332,0.120141,0.932062,1.07347,0.932972,1.07426,-1.49084,-1.5014,-1.66212,-1.65009
15.1252714,0.102445,0.932128,1.07353,0.932905,1.0742,-1.49001,-1.50067,-1.66129,-1.64936
15.1987105,0.0678003,0.932259,1.07364,0.932773,1.07409,-1.48837,-1.49924,-1.65965,-1.64793
15.2755905,0.0826083,0.932338,1.07344,0.932963,1.07398,-1.48926,-1.5,-1.66015,-1.6484
15.3509831,0.0827014,0.933723,1.07179,0.934332,1.07232,-1.49122,-1.50149,-1.65817,-1.64691
15.4278627,0.0833534,0.935725,1.06943,0.936306,1.06994,-1.49399,-1.50361,-1.65528,-1.64471
15.5022321,0.0656582,0.937321,1.0677,0.937752,1.06807,-1.49522,-1.50447,-1.65222,-1.64227
15.5850939,0.0961125,0.942152,1.06188,0.942714,1.06238,-1.50328,-1.51091,-1.64662,-1.63806
15.6580069,0.0639819,0.948359,1.05497,0.948663,1.05524,-1.50995,-1.51611,-1.63669,-1.63003
15.73932,0.077486,0.960032,1.04185,0.96028,1.04208,-1.52549,-1.52905,-1.62149,-1.6175
15.8161982,0.0766478,0.972496,1.02837,0.972623,1.02849,-1.54048,-1.54212,-1.60515,-1.60328
15.8980395,0.0758097,0.984954,1.01529,0.985,1.01534,-1.55481,-1.55529,-1.58947,-1.58891
15.974918,0.0758097,0.997422,1.00258,0.997426,1.00259,-1.56861,-1.56862,-1.57443,-1.57441
16.0523315,0.0775792,1.00902,0.991082,1.00902,0.991084,-1.58067,-1.58085,-1.56067,-1.56049
16.1267252,0.071153,1.01396,0.986268,1.01397,0.986281,-1.58577,-1.58619,-1.55504,-1.55459
16.2050939,0.0927597,1.01729,0.983046,1.01732,0.983078,-1.58895,-1.58958,-1.55107,-1.55038
16.3018096,0.0930429,1.01829,0.981725,1.01869,0.982144,-1.58117,-1.58156,-1.54078,-1.53966
16.3811431,0.12094,1.01785,0.981285,1.01911,0.982601,-1.56014,-1.55974,-1.51977,-1.51787
16.479379,0.0986398,1.01814,0.981577,1.01883,0.982296,-1.57413,-1.57425,-1.53374,-1.53236
16.5597329,0.136255,1.01818,0.98192,1.01849,0.98224,-1.58326,-1.58372,-1.5432,-1.54218
16.6345988,0.0827028,1.01526,0.984808,1.01548,0.985036,-1.5812,-1.58152,-1.54746,-1.54674
16.713494,0.0981614,1.01324,0.986956,1.01326,0.986984,-1.58447,-1.58483,-1.55528,-1.55487
16.7869007,0.0885771,1.01736,0.983496,1.01688,0.982995,-1.60225,-1.60334,-1.56478,-1.56457
16.8682448,0.0837264,1.02475,0.976135,1.02462,0.975998,-1.59989,-1.60134,-1.54649,-1.54528
16.9436374,0.0689179,1.02923,0.971754,1.02929,0.971823,-1.60121,-1.60301,-1.53835,-1.53643
17.0408218,0.0895001,1.03345,0.967797,1.03357,0.967919,-1.605,-1.60733,-1.53348,-1.53095
17.1221669,0.133645,1.03612,0.965256,1.03633,0.965482,-1.60665,-1.60929,-1.52965,-1.52663
17.199573,0.0766478,1.03806,0.963558,1.0382,0.963706,-1.60957,-1.61257,-1.52875,-1.5255
17.2744367,0.0971369,1.03994,0.961797,1.04013,0.962004,-1.61094,-1.6142,-1.52631,-1.52269
17.3528047,0.0952743,1.04231,0.959638,1.04252,0.959864,-1.61324,-1.61689,-1.52389,-1.51985
17.4267425,0.0906177,1.0463,0.956049,1.04653,0.956298,-1.61715,-1.62153,-1.51997,-1.51517
17.507589,0.0719912,1.04961,0.953127,1.04982,0.953359,-1.62066,-1.62571,-1.51707,-1.51162
17.5834764,0.0971369,1.05086,0.951924,1.05117,0.952267,-1.62106,-1.62629,-1.51496,-1.50915
17.6831721,0.121351,1.05062,0.95205,1.05102,0.952489,-1.62008,-1.62519,-1.51437,-1.50852
17.7585654,0.0983477,1.05034,0.952372,1.05066,0.952723,-1.62047,-1.62558,-1.51536,-1.50965
17.8388866,0.101514,1.04392,0.958119,1.04421,0.958432,-1.61411,-1.61799,-1.52153,-1.51712
17.9623903,0.138395,1.03284,0.968218,1.0331,0.968497,-1.60242,-1.60453,-1.53199,-1.5294
18.0412541,0.118092,1.02317,0.977376,1.02329,0.977501,-1.59365,-1.59472,-1.54328,-1.54199
18.1151876,0.0956468,1.01508,0.985154,1.01513,0.985201,-1.58604,-1.5865,-1.55286,-1.55232
18.19402,0.0956468,1.00361,0.9964,1.00362,0.996408,-1.57394,-1.57397,-1.56586,-1.56583
18.2699398,0.0685453,0.997573,1.00243,0.997573,1.00243,-1.56821,-1.56822,-1.57369,-1.57368
18.3458289,0.0728411,0.997297,1.0026,0.997404,1.00271,-1.58586,-1.58578,-1.59185,-1.59174
18.422711,0.0695366,0.999328,1.00061,0.999388,1.00067,-1.61175,-1.61169,-1.61319,-1.61314
18.5010751,0.069367,1.00089,0.999199,1.0008,0.999109,-1.61869,-1.61877,-1.61679,-1.61686
18.574484,0.0589554,1.00086,0.999162,1.00084,0.999144,-1.58119,-1.58121,-1.57928,-1.5793
18.6533174,0.0758117,1.00085,0.99916,1.00084,0.999146,-1.57907,-1.57909,-1.57717,-1.57718
18.7287393,0.0765583,1.00086,0.999162,1.00084,0.999144,-1.58143,-1.58145,-1.57953,-1.57954
18.8050915,0.0662513,1.00283,0.997653,1.00236,0.997176,-1.65508,-1.65552,-1.64927,-1.64968
18.8824993,0.0614657,1.00804,0.992961,1.00712,0.992028,-1.63328,-1.63423,-1.61644,-1.61713
18.9836844,0.057173,1.01539,0.98829,1.01199,0.984796,-1.6967,-1.70017,-1.66656,-1.66921
19.0764036,0.0568363,1.0249,0.985965,1.01474,0.975404,-1.81877,-1.82878,-1.77554,-1.78392
19.1548027,0.0123107,1.02343,0.979774,1.02089,0.977116,-1.64653,-1.64991,-1.59839,-1.59963
19.5927714,0.00111759,1.02021,0.982486,1.01801,0.980197,-1.64345,-1.64625,-1.60174,-1.60294
19.6989147,0.00419095,1.01985,0.982791,1.01769,0.980546,-1.64306,-1.64579,-1.60208,-1.60326
19.7792669,0.0057742,1.01985,0.98279,1.01769,0.980547,-1.64299,-1.64572,-1.60201,-1.60319
19.8536725,0.00586733,1.01985,0.982788,1.01769,0.980548,-1.64293,-1.64565,-1.60194,-1.60312
19.9290267,0.00987202,1.01985,0.982786,1.01769,0.980551,-1.64281,-1.64553,-1.60183,-1.60301
20.0069307,0.0136024,1.01935,0.982229,1.01823,0.98107,-1.61803,-1.61982,-1.57701,-1.57725
20.0833138,0.0235055,1.0199,0.982846,1.01763,0.980496,-1.64548,-1.6483,-1.6045,-1.60578
20.16066,0.0272879,1.02254,0.986299,1.01429,0.97774,-1.7896,-1.79778,-1.74936,-1.75611
20.2360844,0.0241658,1.02226,0.985892,1.01468,0.978029,-1.77331,-1.78089,-1.73294,-1.73908
20.3134583,0.00158325,1.0228,0.98556,1.01504,0.977504,-1.77369,-1.78147,-1.73237,-1.73863
20.7167063,0.00754889,1.02262,0.985668,1.01493,0.977681,-1.77347,-1.78118,-1.73246,-1.73868
20.7901148,0.0148127,1.01911,0.982357,1.01809,0.981304,-1.61562,-1.6173,-1.575,-1.57516
20.8689472,0.0331551,1.01283,0.987367,1.01284,0.987378,-1.58456,-1.58492,-1.55628,-1.5559
20.9627182,0.033062,1.00545,0.994588,1.00545,0.994591,-1.57661,-1.57667,-1.56446,-1.56439
21.0584491,0.0206772,0.999221,1.0008,0.999197,1.00078,-1.55645,-1.55647,-1.55823,-1.55825
21.546977,0.0245869,0.999209,1.00079,0.999209,1.00079,-1.56992,-1.56992,-1.5717,-1.5717
21.6447206,0.030268,0.999209,1.00079,0.999209,1.00079,-1.56992,-1.56992,-1.5717,-1.5717
21.7295366,0.0516986,0.999227,1.00081,0.999191,1.00077,-1.5501,-1.55013,-1.55188,-1.55191
21.8064166,0.049267,0.999209,1.00079,0.999209,1.00079,-1.56993,-1.56993,-1.57171,-1.57171
21.9120327,0.0636093,0.999209,1.00079,0.999209,1.00079,-1.56994,-1.56994,-1.57172,-1.57172
21.989905,0.0653788,0.999209,1.00079,0.999209,1.00079,-1.56994,-1.56994,-1.57172,-1.57172
22.0717783,0.0538304,0.999209,1.00079,0.999209,1.00079,-1.56993,-1.56993,-1.57171,-1.57171
22.1729603,0.0646338,0.999209,1.00079,0.999209,1.00079,-1.56994,-1.56994,-1.57172,-1.57172
22.251328,0.0539236,0.999209,1.00079,0.999209,1.00079,-1.56993,-1.56993,-1.57171,-1.57171
22.3247361,0.0550412,0.999209,1.00079,0.999209,1.00079,-1.56993,-1.56993,-1.57171,-1.57171
22.4016164,0.0552274,0.999209,1.00079,0.999209,1.00079,-1.56993,-1.56993,-1.57172,-1.57171
22.4804495,0.0562519,0.999209,1.00079,0.999209,1.00079,-1.56993,-1.56993,-1.57172,-1.57171
22.5568641,0.0455417,0.999209,1.00079,0.999209,1.00079,-1.56993,-1.56993,-1.57171,-1.57171
22.6307376,0.0570901,0.999209,1.00079,0.999209,1.00079,-1.56993,-1.56993,-1.57172,-1.57171
22.7096321,0.0573695,0.999209,1.00079,0.999209,1.00079,-1.56993,-1.56993,-1.57172,-1.57171
22.7830399,0.0458211,0.999209,1.00079,0.999209,1.00079,-1.56993,-1.56993,-1.57171,-1.57171
22.9080002,0.0569969,0.999209,1.00079,0.999209,1.00079,-1.56993,-1.56993,-1.57172,-1.57171
23.018609,0.102632,0.999209,1.00079,0.999209,1.00079,-1.56996,-1.56996,-1.57174,-1.57174
23.1068976,0.0804663,0.999209,1.00079,0.999209,1.00079,-1.56994,-1.56995,-1.57173,-1.57173
23.1813283,0.0461936,0.999209,1.00079,0.999209,1.00079,-1.56993,-1.56993,-1.57171,-1.57171
23.2879659,0.0569969,0.999209,1.00079,0.999209,1.00079,-1.56993,-1.56993,-1.57172,-1.57171
23.4888182,0.100883,0.999533,1.00045,0.999554,1.00047,-1.59065,-1.59063,-1.59168,-1.59166
23.6564684,0.00928758,1.00121,0.998846,1.00116,0.998791,-1.59246,-1.59251,-1.5898,-1.58985
28.2806988,0.00474975,1.00083,0.999209,1.00079,0.999172,-1.59205,-1.59208,-1.59022,-1.59026
28.355565,0.0117465,1.00164,1.00102,0.998983,0.998363,-2.88424,-2.8866,-2.88354,-2.8859
28.4626992,0.0286462,1.00209,1.00129,0.998717,0.997907,-2.87741,-2.88041,-2.8765,-2.8795
28.5386186,0.0462188,1.00221,1.00144,0.99856,0.997792,-2.90858,-2.91182,-2.90771,-2.91096
28.6164933,0.0450313,1.00227,1.00133,0.998672,0.997732,-2.85536,-2.85855,-2.8543,-2.8575
28.6923482,0.045944,1.00222,1.00142,0.99858,0.997781,-2.89884,-2.90207,-2.89794,-2.90118
28.7717082,0.0482293,1.00221,1.00144,0.99856,0.997792,-2.90849,-2.91173,-2.90762,-2.91087
28.8476273,0.0421193,1.00235,1.00166,0.998342,0.99765,-2.94883,-2.95239,-2.94805,-2.95162
28.9319467,0.0690724,1.00233,1.0019,0.998101,0.997676,-3.02773,-3.03148,-3.02725,-3.03101
29.0063471,0.0388245,1.00313,1.00279,0.997216,0.996873,-3.0743,-3.07955,-3.0739,-3.07918
29.0807486,0.0204808,1.00401,1.00341,0.996603,0.996,-3.04755,-3.05411,-3.04684,-3.05345
29.1600746,0.00111759,1.00451,1.00383,0.996183,0.995504,-3.04718,-3.05455,-3.04639,-3.05382
29.264732,0.00102445,1.00451,1.00383,0.996183,0.995504,-3.04718,-3.05455,-3.04639,-3.05382
29.3396278,0.010488,1.00475,1.0035,0.996516,0.995257,-2.9691,-2.97639,-2.96766,-2.97501
29.4170342,0.0224451,1.00463,1.00368,0.996341,0.995381,-3.00942,-3.01676,-3.00832,-3.01572
29.4934205,0.0374035,1.0045,1.00384,0.996178,0.995509,-3.04844,-3.05581,-3.04766,-3.05509
29.5975476,0.0563601,1.00427,1.0041,0.995914,0.995741,-3.11472,-3.12212,-3.1145,-3.12196
29.6719776,0.0758611,1.00432,1.00405,0.995967,0.995691,-3.10103,-3.10843,-3.10069,-3.10815
29.7473716,0.0711668,1.00426,1.00411,0.995901,0.995753,-3.11818,-3.12558,-3.11798,-3.12544
29.8271956,0.0743327,1.00426,1.00412,0.995898,0.995757,-3.119,-3.1264,-3.11882,-3.12628
29.9011295,0.0598945,1.00426,1.00412,0.995897,0.995757,-3.11917,-3.12657,-3.11898,-3.12645
29.9755295,0.0770348,1.00426,1.00411,0.9959,0.995754,-3.11845,-3.12585,-3.11826,-3.12572
30.1138822,0.0936648,1.00432,1.00404,0.995971,0.995688,-3.10004,-3.10744,-3.09969,-3.10715
30.2086497,0.124546,1.00435,1.00402,0.995996,0.995665,-3.09366,-3.10105,-3.09326,-3.10071
30.2874828,0.0767446,1.00422,1.00415,0.995864,0.99579,-3.12805,-3.13545,-3.12793,-3.1354
30.363866,0.0781385,1.0042,1.00417,0.995841,0.995813,-3.13415,-3.14155,-3.13409,-3.14155
30.4437531,0.0789762,1.00427,1.00427,0.995744,0.995742,-3.13764,3.138,-3.1376,3.13797
30.518121,0.0793487,1.0044,1.0044,0.995618,0.995617,-3.13752,3.13789,-3.13748,3.13786
30.5940091,0.0762753,1.00465,1.00465,0.995368,0.995366,-3.1373,3.13767,-3.13726,3.13763
30.6704261,0.0584871,1.00499,1.00499,0.995034,0.995032,-3.13704,3.13734,-3.137,3.1373
30.7656298,0.0853091,1.00562,1.00562,0.994408,0.994406,-3.1364,3.13687,-3.13634,3.13682
30.8732886,0.102259,1.00747,1.00747,0.992575,0.992571,-3.1347,3.13534,-3.1346,3.13524
30.9481904,0.0722706,1.00895,1.00894,0.991118,0.991113,-3.13344,3.13403,-3.13329,3.1339
31.0781332,0.0732951,1.01034,1.01034,0.989747,0.98974,-3.13217,3.13289,-3.13198,3.13271
31.1594505,0.122003,1.0125,1.01249,0.987633,0.987617,-3.12998,3.13136,-3.12969,3.13111
31.2383125,0.0772998,1.01377,1.01376,0.986388,0.986375,-3.12906,3.13011,-3.12871,3.12979
31.3157236,0.0773929,1.01505,1.01503,0.985146,0.985131,-3.12792,3.12908,-3.1275,3.1287
31.3980585,0.0784174,1.01632,1.0163,0.983907,0.983888,-3.12678,3.12806,-3.12629,3.12761
31.4902851,0.0786036,1.01759,1.01757,0.982668,0.982646,-3.12564,3.12703,-3.12507,3.12651
31.5750982,0.105239,1.01943,1.01939,0.9809,0.980864,-3.12379,3.12579,-3.12309,3.12517
31.7269015,0.127591,1.02203,1.02198,0.978395,0.978341,-3.12127,3.12395,-3.12037,3.12316
31.8201521,0.144169,1.02516,1.02508,0.975407,0.975328,-3.11831,3.12172,-3.11712,3.1207
31.9089054,0.108872,1.02759,1.02752,0.973067,0.972992,-3.11653,3.11946,-3.11513,3.11822
31.9828399,0.0713393,1.02925,1.0292,0.971461,0.971404,-3.11557,3.11767,-3.11403,3.11625
32.0557516,0.0671484,1.03161,1.03156,0.969216,0.969154,-3.11365,3.11574,-3.11185,3.11407
32.1326016,0.016648,1.03733,1.02932,0.971834,0.963279,-2.97729,-3.03393,-2.9661,-3.02651
39.4614583,0.00186265,1.04298,1.03381,0.967713,0.957823,-2.97384,-3.03867,-2.96065,-3.03047
39.5611515,0.00139698,1.05895,1.04658,0.956265,0.942547,-2.9644,-3.05188,-2.94514,-3.04195
39.6489471,0.0026077,1.06791,1.05379,0.94998,0.934072,-2.95921,-3.05906,-2.93626,-3.04845
39.8691725,0.00158325,1.06791,1.05378,0.949983,0.93407,-2.95916,-3.05901,-2.9362,-3.0484
39.9445316,0.00408934,1.06994,1.0554,0.94859,0.932166,-2.95789,-3.0605,-2.93407,-3.04975
40.0189324,0.00724818,1.06937,1.05492,0.949007,0.932696,-2.95798,-3.0598,-2.93437,-3.04905
40.0978268,0.00811107,1.05559,1.04382,0.958714,0.945743,-2.96563,-3.04835,-2.94763,-3.03864
40.1726923,0.00586807,1.03626,1.02842,0.972669,0.96431,-2.97697,-3.03201,-2.96609,-3.02469
40.4068337,0.00121072,1.03541,1.02774,0.973295,0.965137,-2.97747,-3.03126,-2.96689,-3.02407
40.4812024,0.00251457,1.03,1.02347,0.977276,0.970386,-2.98073,-3.02658,-2.97197,-3.02025
40.6805941,0.00400902,0.988238,0.99092,1.0092,1.01182,-3.00783,-2.98903,-3.01063,-2.99221
40.9796819,0.00298023,0.985589,0.988884,1.01129,1.0145,-3.00967,-2.98657,-3.01304,-2.99051
41.0545795,0.00717179,0.983779,0.987494,1.01273,1.01634,-3.01096,-2.98491,-3.01472,-2.98939
41.1314577,0.00468725,0.980071,0.984653,1.01568,1.02011,-3.01357,-2.98143,-3.01808,-2.98704
41.2892202,0.00223711,0.980071,0.984653,1.01568,1.0201,-3.0136,-2.98145,-3.01811,-2.98706
41.3639252,0.0181668,0.982281,0.983085,1.01717,1.01795,-3.13147,-3.09992,-3.13182,-3.10135
41.4432855,0.0320272,0.98388,0.986684,1.01353,1.01625,-3.04882,-3.02211,-3.05155,-3.0256
41.5201644,0.00892225,0.985508,0.988022,1.01215,1.0146,-3.04769,-3.02372,-3.05017,-3.02682
41.7473321,0.00149012,0.985508,0.988022,1.01215,1.0146,-3.0477,-3.02373,-3.05018,-3.02683
41.821236,0.0115484,0.986693,0.986691,1.01345,1.01345,3.12945,-3.12963,3.12977,-3.12994
41.9005656,0.0268227,0.987153,0.987309,1.01282,1.01297,3.13687,-3.1232,3.13699,-3.12367
41.9779752,0.044257,0.987751,0.988381,1.01174,1.01235,-3.12288,-3.1013,-3.12332,-3.10226
42.0513823,0.0366952,0.988734,0.988883,1.01122,1.01136,3.13894,-3.12403,3.139,-3.12442
42.1505776,0.0490839,0.98962,0.989826,1.01026,1.01046,-3.13967,-3.12113,-3.13971,-3.12155
42.2373795,0.066052,0.991365,0.991745,1.00831,1.00869,-3.12397,-3.10878,-3.12427,-3.10933
42.3152204,0.0494638,0.992671,0.992936,1.00711,1.00737,-3.12743,-3.1145,-3.12763,-3.11489
42.4357797,0.0467973,0.993999,0.994451,1.00558,1.00602,-3.10291,-3.09256,-3.10335,-3.09312
42.5151393,0.0911975,0.996877,0.996992,1.00302,1.00313,-3.12311,-3.11764,-3.12322,-3.11778
42.5905316,0.0588702,0.998584,0.998631,1.00137,1.00142,-3.12392,-3.12144,-3.12397,-3.1215
42.7060721,0.059983,1.00033,1.00032,0.999679,0.999671,-3.12729,-3.12787,-3.12728,-3.12786
42.8122443,0.102094,1.00336,1.00325,0.996764,0.996646,-3.11865,-3.12449,-3.11849,-3.12438
42.8893478,0.0847934,1.00642,1.00607,0.993963,0.993606,-3.10427,-3.11528,-3.10381,-3.11495
42.963721,0.0565561,1.00849,1.00805,0.992006,0.991565,-3.10473,-3.11926,-3.10412,-3.11889
43.0411247,0.0719222,1.01109,1.01059,0.989503,0.988994,-3.10615,-3.12514,-3.10538,-3.12478
43.1145331,0.0736961,1.01393,1.01326,0.986897,0.986208,-3.10187,-3.12558,-3.10078,-3.12514
43.1923782,0.0790396,1.01709,1.01593,0.984307,0.983101,-3.08725,-3.11594,-3.08543,-3.11508
43.2668096,0.0646277,1.01987,1.01814,0.982177,0.980381,-3.07363,-3.10655,-3.07102,-3.1052
43.3446808,0.0816647,1.0232,1.02145,0.978975,0.977149,-3.07799,-3.11649,-3.07512,-3.11535
43.4200421,0.0818279,1.02642,1.02473,0.975826,0.974043,-3.08204,-3.12594,-3.07894,-3.12513
43.4974481,0.0815324,1.02951,1.02789,0.9728,0.971079,-3.08486,-3.13392,-3.08155,-3.13347
43.5713221,0.0636366,1.0319,1.0303,0.970502,0.968795,-3.08574,-3.13874,-3.0822,-3.13856
43.6492243,0.0774252,1.03498,1.03323,0.96773,0.965859,-3.08346,-3.14135,-3.07941,-3.14133
43.7236243,0.0771608,1.03856,1.03625,0.964913,0.962431,-3.07486,-3.13808,-3.06976,-3.13782
43.8228207,0.0743107,1.04355,1.0401,0.961399,0.957645,-3.05929,-3.12957,-3.05223,-3.12854
43.913592,0.0865195,1.04972,1.04587,0.956073,0.951845,-3.0557,-3.1354,-3.04726,-3.13479
44.0147764,0.0844074,1.05505,1.0525,0.949846,0.94701,-3.0699,3.12429,-3.06194,3.12237
44.0891757,0.0836535,1.06119,1.05876,0.944127,0.941391,-3.06906,3.11565,-3.06005,3.11241
44.1680402,0.0691117,1.06623,1.06441,0.938942,0.936876,-3.07232,3.10433,-3.06291,3.09926
44.2429138,0.0515974,1.07033,1.0691,0.934656,0.933251,-3.07492,3.09518,-3.06523,3.08842
44.3252396,0.0322888,1.07719,1.06952,0.935141,0.926294,-3.02218,-3.14064,-3.00393,-3.14049
44.4165071,0.0028886,1.07775,1.07002,0.934713,0.925784,-3.02171,-3.14095,-3.00326,-3.14085
44.7290154,0.00195799,1.08015,1.07219,0.932832,0.923598,-3.02008,3.14052,-3.00077,3.14035
44.8083754,0.00292441,1.08704,1.07844,0.92746,0.917369,-3.0156,3.13549,-2.99377,3.13442
45.209143,0.00601839,1.09271,1.08357,0.923112,0.912278,-3.0118,3.13159,-2.98777,3.12971
45.2845346,0.00335276,1.08457,1.07614,0.929441,0.919588,-3.01676,3.13776,-2.99579,3.13711
45.8464703,0.00158325,1.02141,1.01911,0.981256,0.978862,-3.05986,-3.09489,-3.0565,-3.09297
46.2199902,0.00693507,0.999325,0.9994,1.0006,1.00068,-3.07663,-3.07549,-3.07671,-3.07558
46.3023266,0.0018083,0.987951,0.989299,1.01082,1.01214,-3.08563,-3.06508,-3.08689,-3.06681
47.5453645,0.00149012,0.978842,0.981235,1.01913,1.02143,-3.09306,-3.05655,-3.09498,-3.0599
47.6217494,0.00713906,0.981771,0.983823,1.01645,1.01843,-3.09074,-3.0594,-3.09247,-3.0622
47.6991245,0.0139891,0.989785,0.991887,1.0082,1.01026,-3.02197,-3.00547,-3.02417,-3.00796
47.7760048,0.00195799,0.990108,0.992143,1.00794,1.00994,-3.02176,-3.00578,-3.02389,-3.00819
49.1092509,0.00363216,0.98997,0.992033,1.00805,1.01008,-3.02187,-3.00567,-3.02403,-3.00811
49.1856358,0.00502914,0.98997,0.992033,1.00805,1.01008,-3.0219,-3.0057,-3.02405,-3.00814
49.2625169,0.00931323,0.98997,0.992032,1.00805,1.01008,-3.02194,-3.00574,-3.0241,-3.00819
49.336419,0.0283122,0.990929,0.990927,1.00914,1.00914,3.13328,-3.13357,3.13343,-3.13371
49.4113158,0.00199094,0.991179,0.991177,1.00889,1.00888,3.1335,-3.13381,3.13364,-3.13394
49.6324993,0.0054948,0.991096,0.991093,1.00897,1.00897,3.1334,-3.13376,3.13354,-3.1339
49.7069311,0.0233762,0.991095,0.991094,1.00897,1.00897,3.13346,-3.13369,3.1336,-3.13383
49.8076155,0.00298023,0.991096,0.991094,1.00897,1.00897,3.13344,-3.13371,3.13359,-3.13385
53.3912149,0.00540167,0.992594,0.992592,1.00745,1.00745,3.13478,-3.1351,3.13488,-3.1352
53.4685604,0.00353903,0.994387,0.994385,1.00564,1.00564,3.13639,-3.13674,3.13645,-3.13679
53.543953,0.00772998,0.995097,0.995095,1.00492,1.00492,3.137,-3.1374,3.13705,-3.13744
53.6233433,0.0167672,1.00335,0.995297,1.00472,0.996676,1.71617,1.71735,1.72519,1.72644
53.6967524,0.0260672,1.00281,0.99492,1.00509,0.997219,1.81807,1.82007,1.82691,1.82897
53.8078539,0.0345414,1.00329,0.995251,1.00476,0.996737,1.72804,1.72932,1.73704,1.73839
53.8842395,0.0504981,1.00356,0.995465,1.00455,0.996464,1.67472,1.67557,1.68379,1.68471
53.9680335,0.0395277,1.00387,0.995739,1.00428,0.99615,1.61074,1.61107,1.61985,1.62025
54.0498731,0.0454486,1.004,0.996006,1.00401,0.996023,1.56825,1.56822,1.5772,1.57725
54.127745,0.0524335,1.00225,0.997759,1.00225,0.997758,1.56815,1.56813,1.57319,1.5732
54.2031348,0.0595118,0.997882,1.00211,0.997896,1.00212,1.57013,1.57013,1.56536,1.56538
54.281537,0.0585805,0.99342,1.00659,0.993466,1.00663,1.57513,1.57507,1.56022,1.56036
54.3549106,0.0451691,0.990275,1.00985,0.990271,1.00985,1.5821,1.58188,1.55986,1.56008
54.4352645,0.0581145,0.987561,1.01265,0.987551,1.01264,1.58545,1.58508,1.55687,1.55721
54.5120408,0.0594184,0.985989,1.01428,0.985974,1.01426,1.58741,1.58695,1.55513,1.55556
54.5889194,0.0609085,0.984785,1.01553,0.984766,1.01551,1.58891,1.58836,1.55378,1.55429
54.6757474,0.0625223,0.984677,1.0168,0.983504,1.01567,1.62157,1.61997,1.58482,1.58437
54.7545851,0.0662686,0.985345,1.0174,0.982891,1.01502,1.65698,1.65425,1.62029,1.61872
54.831463,0.0677149,0.985532,1.01756,0.982726,1.01484,1.66675,1.66372,1.63008,1.62821
54.9128416,0.068108,0.985605,1.01762,0.982663,1.01477,1.67048,1.66734,1.63383,1.63183
54.9867423,0.0680226,0.985259,1.01732,0.982968,1.0151,1.65248,1.6499,1.61578,1.61435
55.06756,0.0668232,0.984798,1.01692,0.98339,1.01555,1.62809,1.62628,1.59135,1.5907
55.1519109,0.0664086,0.984328,1.01648,0.98384,1.01601,1.60268,1.60168,1.56591,1.56607
55.2292863,0.066217,0.983876,1.01648,0.983851,1.01646,1.59012,1.5895,1.55282,1.5534
55.3701189,0.0643544,0.980314,1.02022,0.980284,1.02019,1.59437,1.59345,1.54856,1.54943
55.4484884,0.119582,0.972948,1.02811,0.972853,1.02802,1.60424,1.60245,1.54041,1.54205
55.531318,0.0525266,0.969781,1.03149,0.969716,1.03143,1.60755,1.60535,1.53591,1.53799
55.6474104,0.0783242,0.965042,1.03671,0.964916,1.03659,1.61419,1.61118,1.53054,1.53332
55.736199,0.0904314,0.958903,1.04357,0.958701,1.04338,1.62266,1.61845,1.52316,1.52703
55.8145652,0.0650063,0.954105,1.04894,0.953913,1.04876,1.62863,1.62339,1.51657,1.52148
55.9028231,0.0623986,0.949956,1.05368,0.949728,1.05348,1.63432,1.62806,1.51116,1.51704
56.06405,0.0246913,0.95154,1.05556,0.947708,1.05211,1.66523,1.6559,1.54149,1.5444
56.2272379,0.00429015,0.952877,1.05394,0.949141,1.05057,1.66348,1.65457,1.54345,1.54609
56.3011097,0.00718629,0.960348,1.04493,0.957227,1.04206,1.65323,1.64654,1.55369,1.55508
56.3780214,0.0115461,1.02502,1.03675,0.963666,0.976125,2.95545,2.90275,2.94344,2.8876
56.4553672,0.00597282,1.01328,1.01965,0.980471,0.987052,2.9404,2.91177,2.93357,2.90404
57.0421642,0.00130385,1.01889,1.02784,0.972398,0.981775,2.94772,2.90747,2.93833,2.89626
57.1175568,0.00454157,1.03172,1.04636,0.954293,0.970106,2.96396,2.89805,2.94937,2.87847
57.1984076,0.00496055,1.04578,1.06632,0.935017,0.957942,2.98096,2.88836,2.96174,2.85896
57.5887561,0.00111759,1.04702,1.06807,0.933343,0.956896,2.98245,2.88755,2.96287,2.85726
57.6938768,0.016438,0.987226,1.07368,0.926924,1.01851,2.1701,2.11606,2.06689,2.01883
57.7732364,0.0162792,0.959499,1.06052,0.941988,1.0447,1.78241,1.76199,1.66174,1.65278
58.0197483,0.00280172,0.959506,1.06052,0.941984,1.0447,1.78251,1.76208,1.66183,1.65286
58.0956378,0.0107102,0.950244,1.05317,0.950202,1.05313,1.63223,1.62622,1.51009,1.51603
58.4289509,0.0193715,0.950261,1.05318,0.950185,1.05311,1.63252,1.62648,1.51038,1.51629
58.5653759,0.00323291,0.950544,1.05287,0.950456,1.05279,1.63226,1.62628,1.51086,1.5167
58.6590933,0.00149012,0.95072,1.05268,0.950626,1.05259,1.63208,1.62613,1.51115,1.51693
58.7369652,0.00976113,0.953618,1.04942,0.953495,1.04931,1.62856,1.62328,1.51531,1.52038
58.8143713,0.00978908,0.960099,1.04217,0.959966,1.04204,1.62039,1.61648,1.52407,1.52776
58.9462764,0.00877818,0.965117,1.03664,0.964983,1.03651,1.61419,1.6112,1.53072,1.53349
59.1903073,0.00473145,0.968991,1.03241,0.968865,1.03229,1.60941,1.60704,1.53571,1.53787
59.2687092,0.0124912,1.01599,1.02496,0.975208,0.984548,2.91608,2.88066,2.90647,2.86968
59.3505466,0.00489454,1.01165,1.01825,0.981839,0.988636,2.91008,2.88403,2.90292,2.87613
59.8415545,0.00171222,1.01301,1.02035,0.979759,0.987349,2.912,2.88301,2.90406,2.87416
60.7691051,0.0109896,0.981028,1.01945,0.981022,1.01944,1.59297,1.59213,1.5489,1.54972
60.8454893,0.0234693,0.981031,1.01945,0.981019,1.01944,1.59312,1.59228,1.54905,1.54987
60.9233637,0.0274742,0.980885,1.01945,0.98102,1.01958,1.5898,1.58908,1.54556,1.54651
60.996769,0.0244094,0.979925,1.01939,0.981122,1.02054,1.5665,1.56666,1.52123,1.52314
61.0751074,0.0304578,0.979406,1.02044,0.980109,1.02111,1.57914,1.5788,1.53202,1.53358
61.1921638,0.0305475,0.978929,1.02152,0.979059,1.02164,1.59256,1.59165,1.5436,1.54474
61.2735055,0.0499189,0.97854,1.02209,0.978507,1.02206,1.59652,1.59543,1.54643,1.54747
61.3538573,0.0358796,0.97946,1.02295,0.977616,1.02118,1.63346,1.63079,1.5834,1.58286
61.4317609,0.0378435,0.987628,1.02412,0.976125,1.01303,1.86377,1.85304,1.82177,1.81244
61.5071229,0.0277918,0.992497,1.02051,0.979594,1.00797,1.97393,1.96226,1.94184,1.93091
61.6102894,0.0316324,0.995833,1.01329,0.986745,1.00436,2.01311,2.00497,1.99325,1.98538
61.7204028,0.042612,0.99982,1.00061,0.999392,1.00018,2.02165,2.02127,2.02076,2.02038
61.7977785,0.0338137,1.00347,0.991384,1.00864,0.996615,1.92791,1.93246,1.9414,1.94609
61.9069025,0.0223847,1.0043,0.990309,1.00972,0.995808,1.89538,1.90014,1.91098,1.91593
62.014061,0.0348595,0.998234,1.00194,0.998066,1.00177,1.6132,1.61305,1.60903,1.60889
62.0879684,0.0263605,0.989248,1.01135,0.988803,1.01091,1.60126,1.60059,1.57611,1.576
62.1663389,0.0177039,0.983867,1.0177,0.982638,1.01652,1.6224,1.62068,1.58365,1.58322
62.2402399,0.0231283,0.980791,1.02716,0.97337,1.02007,1.73837,1.73074,1.68479,1.67955
62.3175861,0.0263656,0.980194,1.03503,0.965583,1.0212,1.83376,1.81953,1.76995,1.75897
62.3984326,0.031602,0.98342,1.03969,0.960805,1.01833,1.944,1.92289,1.87834,1.86045
62.4768313,0.0435494,0.985128,1.04051,0.959914,1.01667,1.98451,1.96125,1.91988,1.89963
62.5541778,0.0435035,0.983679,1.03982,0.960665,1.01808,1.95018,1.92875,1.88467,1.86642
62.6345283,0.0423568,0.98135,1.03859,0.961992,1.02032,1.89398,1.87557,1.82719,1.81223
62.7089297,0.0337036,0.980362,1.03803,0.962602,1.02127,1.8697,1.85262,1.80243,1.7889
62.804656,0.0481235,0.975913,1.03763,0.96324,1.02572,1.78623,1.77323,1.71418,1.7054
62.8800479,0.0404052,0.968739,1.0405,0.960889,1.03319,1.70927,1.69967,1.62522,1.6214
62.9569279,0.0399151,0.965601,1.04676,0.954959,1.03695,1.73388,1.72114,1.63823,1.63289
63.0353305,0.0380164,0.962609,1.05309,0.948987,1.04065,1.75637,1.74027,1.64907,1.64216
63.1161731,0.0374862,0.959414,1.05898,0.943502,1.04459,1.76991,1.75097,1.65113,1.64334
63.1895534,0.0303217,0.954175,1.06176,0.941336,1.05024,1.73986,1.72259,1.61111,1.60693
63.267951,0.0383394,0.949932,1.06662,0.937087,1.0552,1.73751,1.71913,1.59718,1.59423
63.3428468,0.0387794,0.945895,1.07104,0.933297,1.05993,1.73467,1.71538,1.58349,1.58197
63.4212152,0.0392753,0.943537,1.07606,0.928735,1.06311,1.749,1.72686,1.58809,1.58591
63.4966068,0.040187,0.94035,1.07948,0.925879,1.0669,1.74657,1.72372,1.57705,1.57622
63.5744491,0.0343864,0.939342,1.08048,0.925056,1.06809,1.74544,1.72244,1.57329,1.57296
63.6508625,0.0458022,0.937174,1.07882,0.926992,1.06999,1.72013,1.7004,1.54762,1.55072
63.7287044,0.0460576,0.939172,1.08036,0.925205,1.06824,1.74347,1.72072,1.57129,1.57122
63.8264152,0.0431959,0.942049,1.08246,0.922741,1.0657,1.77641,1.74943,1.60486,1.60028
63.9191669,0.0599675,0.941672,1.08,0.925178,1.06565,1.75927,1.7349,1.59066,1.58804
64.0248151,0.0428089,0.942521,1.07661,0.92835,1.06422,1.74477,1.72292,1.58188,1.58046
64.1021926,0.0489578,0.944787,1.07243,0.932094,1.06126,1.7352,1.71549,1.58078,1.57957
64.1775828,0.0389503,0.947275,1.06821,0.935871,1.05811,1.72644,1.7087,1.58075,1.5796
64.2559525,0.0377222,0.950013,1.06358,0.940045,1.05469,1.71607,1.70046,1.57989,1.5789
64.3303797,0.0361987,0.952705,1.05809,0.945094,1.05125,1.69728,1.68462,1.5716,1.57152
64.4146724,0.0350723,0.956629,1.0525,0.950149,1.04661,1.68729,1.67664,1.5736,1.57334
64.4890999,0.0339371,0.960661,1.0463,0.955845,1.04188,1.67097,1.66274,1.57004,1.5701
64.5674387,0.0268279,0.963135,1.04066,0.961178,1.03885,1.6386,1.63354,1.54775,1.54947
64.6428306,0.0332546,0.967916,1.03506,0.966319,1.03357,1.63101,1.6271,1.55277,1.55394
64.7440457,0.0332566,0.972878,1.02962,0.971359,1.02819,1.62743,1.62431,1.56167,1.56217
64.8957947,0.0461039,0.979526,1.02165,0.9789,1.02105,1.60822,1.60668,1.55979,1.56025
65.0044165,0.0686228,0.99058,1.01064,0.989475,1.00956,1.63111,1.62991,1.6083,1.60755
65.0847677,0.0448909,0.997785,1.00274,0.997271,1.00222,1.66551,1.66504,1.65992,1.65948
65.1611836,0.0395419,1.00361,0.995168,1.00485,0.996414,1.69536,1.69642,1.70482,1.70596
65.2355515,0.0330562,1.00801,0.98841,1.01168,0.992154,1.72516,1.72824,1.74696,1.75046
65.3139196,0.0414015,1.01369,0.980162,1.02009,0.986785,1.72094,1.72612,1.75794,1.76433
65.3883524,0.0420748,1.01964,0.97258,1.02793,0.98127,1.70084,1.70717,1.75239,1.76112
65.4671816,0.0431881,1.02714,0.968274,1.03266,0.97412,1.62189,1.625,1.68607,1.69304
65.5420792,0.0367872,1.03115,0.970077,1.03111,0.970029,1.53679,1.53465,1.60348,1.60554
65.6189888,0.0481494,1.03116,0.970085,1.0311,0.97002,1.53656,1.5344,1.60325,1.60529
65.695343,0.0511296,1.03116,0.970087,1.0311,0.970018,1.53651,1.53435,1.60319,1.60524
65.7722551,0.0501052,1.03116,0.970086,1.0311,0.970019,1.53652,1.53437,1.60321,1.60526
65.8526048,0.0527129,1.03012,0.971053,1.03006,0.970984,1.53754,1.53552,1.6021,1.604
65.9582537,0.054855,1.02914,0.971855,1.02918,0.971901,1.54013,1.53832,1.60279,1.60468
66.0331188,0.0644435,1.02716,0.969072,1.03186,0.974053,1.61101,1.61343,1.67439,1.68056
66.1080146,0.0514165,1.02706,0.965801,1.03514,0.974389,1.65448,1.6598,1.72112,1.73057
66.1868784,0.0509252,1.02898,0.960374,1.04072,0.972942,1.68519,1.6934,1.75945,1.77277
66.2602848,0.0367855,1.03059,0.953894,1.04734,0.971969,1.72231,1.7346,1.80486,1.82339
66.3346869,0.0428862,1.03595,0.947424,1.05425,0.967397,1.70614,1.71887,1.80083,1.82191
66.4130842,0.0414975,1.04053,0.940612,1.0615,0.963753,1.70319,1.71735,1.80939,1.83414
66.4934375,0.0395246,1.04877,0.942242,1.06069,0.955491,1.61354,1.61837,1.72678,1.74412
66.640222,0.0353002,1.0543,0.947859,1.05566,0.949378,1.52532,1.52021,1.63901,1.64666
66.7557889,0.0725421,1.04867,0.943234,1.05968,0.955455,1.6074,1.6115,1.71959,1.73596
66.8331661,0.0487004,1.04254,0.93544,1.06689,0.962504,1.71494,1.73158,1.82825,1.85691
66.9085887,0.0439142,1.04287,0.928087,1.07431,0.963283,1.75137,1.77399,1.8721,1.90813
66.9874204,0.043381,1.04455,0.920471,1.08213,0.962902,1.77155,1.79906,1.90127,1.94407
67.0638363,0.0337514,1.04938,0.917152,1.08598,0.958809,1.74549,1.77099,1.88321,1.92637
67.1382057,0.0398907,1.05323,0.91385,1.08974,0.955697,1.72935,1.75379,1.87403,1.91823
67.2121403,0.0384301,1.0524,0.907944,1.09557,0.95765,1.75865,1.78899,1.90797,1.95893
67.2875015,0.0306688,1.05326,0.90411,1.09952,0.957602,1.76607,1.79882,1.91978,1.97427
67.3629248,0.0370111,1.05628,0.90109,1.10292,0.955335,1.75511,1.78732,1.91456,1.97045
67.4367977,0.0295451,1.07667,0.915794,1.09116,0.932792,1.56737,1.56677,1.73401,1.76203
67.5131801,0.0145286,1.08428,0.924075,1.08416,0.923932,1.48656,1.47192,1.65369,1.6681
74.2571634,0.0134123,1.03653,0.8887,1.11321,0.977045,1.93339,1.99732,2.08521,2.1659
74.333025,0.0259291,1.07513,0.915078,1.09163,0.934409,1.5794,1.5809,1.7451,1.77481
74.4109244,0.0404263,1.0824,0.922778,1.08513,0.925975,1.50272,1.49093,1.66904,1.686
74.4847994,0.0592321,1.08402,0.924655,1.08353,0.924078,1.4849,1.47005,1.65124,1.66516
74.5621752,0.0761822,1.08169,0.926678,1.08107,0.925957,1.48623,1.47204,1.64834,1.66137
74.6757883,0.0685494,1.07859,0.930791,1.07639,0.928238,1.48005,1.4656,1.63525,1.64556
74.7655367,0.16503,1.06728,0.939077,1.06624,0.937896,1.49576,1.4855,1.6315,1.63982
74.8409607,0.144635,1.06106,0.943833,1.06058,0.94329,1.50479,1.49658,1.6295,1.63681
74.9178386,0.166027,1.05307,0.947845,1.05553,0.950584,1.53539,1.53146,1.64778,1.6563
74.9922068,0.165338,1.04614,0.953157,1.04942,0.956758,1.55221,1.55039,1.65205,1.65994
75.0701101,0.133245,1.0413,0.958301,1.04378,0.960985,1.55244,1.55085,1.64202,1.64817
75.1435189,0.166515,1.03477,0.96457,1.03691,0.96687,1.55981,1.55901,1.63605,1.64078
75.2218563,0.169115,1.02763,0.971655,1.02929,0.973412,1.56656,1.56632,1.62777,1.63105
75.298274,0.167798,1.02022,0.979145,1.02136,0.980342,1.57302,1.57311,1.61828,1.62026
75.3736324,0.12996,1.01355,0.985965,1.01427,0.986701,1.57859,1.57881,1.60919,1.61026
75.4540082,0.160955,1.00158,0.998363,1.00164,0.998419,1.58436,1.5844,1.58797,1.58803
75.5626343,0.158624,0.988074,1.01256,0.987627,1.01212,1.60095,1.60022,1.57306,1.573
75.6935503,0.250622,0.966318,1.03574,0.965771,1.03523,1.61825,1.61507,1.5373,1.53955
75.7724406,0.21318,0.947931,1.05638,0.947333,1.05584,1.64023,1.63309,1.51111,1.51725
75.856272,0.148453,0.935352,1.07144,0.934421,1.07063,1.65909,1.64785,1.49459,1.5043
75.9391017,0.175196,0.922577,1.09034,0.918401,1.08681,1.69603,1.67668,1.4893,1.50195
76.0169436,0.137221,0.923101,1.1079,0.901549,1.09001,1.7878,1.75117,1.55605,1.5586
76.0923655,0.101023,0.929883,1.11864,0.890035,1.08574,1.87067,1.81889,1.63171,1.62072
76.1672652,0.121406,0.93459,1.12223,0.88575,1.08189,1.91049,1.85197,1.67236,1.6539
76.2421575,0.12246,0.932776,1.12177,0.886518,1.08361,1.89868,1.84188,1.65884,1.6428
76.3190075,0.0982701,0.931437,1.12128,0.887237,1.08484,1.88942,1.83405,1.64856,1.63438
76.3988618,0.120811,0.931822,1.12151,0.886947,1.08451,1.89241,1.83655,1.65172,1.63695
76.4742534,0.0993376,0.925918,1.11785,0.891546,1.08955,1.84597,1.7978,1.60303,1.59717
76.5501411,0.0214206,0.905875,1.10874,0.904434,1.10756,1.70435,1.6798,1.44968,1.47197
80.7989059,0.00279397,0.91196,1.1008,0.910581,1.09966,1.69478,1.67343,1.45962,1.4788
81.1748429,0.00149012,0.929502,1.07863,0.928415,1.07769,1.66801,1.65454,1.48643,1.49814
81.2502691,0.00642613,0.93731,1.06918,0.93631,1.06831,1.65701,1.64636,1.49797,1.50698
81.3281057,0.00474975,0.949454,1.05485,0.948641,1.05412,1.64027,1.63331,1.51497,1.52056
81.5770986,0.00130385,0.95864,1.04432,0.957982,1.04372,1.62799,1.6233,1.52722,1.5308
81.6530163,0.00307336,0.973575,1.02776,0.97316,1.02737,1.60893,1.60692,1.54625,1.54755
82.1351319,0.00177929,1.0474,0.954642,1.04806,0.955366,1.52724,1.523,1.62698,1.63244
82.5592075,0.007217,1.04858,0.953598,1.04923,0.954317,1.52589,1.52141,1.62791,1.6336
82.6336079,0.0167617,1.03461,0.940718,1.06088,0.969536,1.76647,1.78629,1.8664,1.89522
82.7085037,0.0401426,1.03042,0.937551,1.06374,0.974052,1.83297,1.85965,1.9317,1.96669
82.7843615,0.0370312,1.02968,0.936,1.06525,0.974992,1.84966,1.87844,1.94917,1.98625
82.8582964,0.00402198,1.02969,0.936004,1.06524,0.974984,1.84954,1.87831,1.94905,1.98612
83.1484235,0.00150171,1.02971,0.935958,1.06529,0.974963,1.84945,1.87823,1.94903,1.98613
83.223351,0.0149041,0.982523,0.918338,1.08179,1.02385,2.47004,2.56362,2.54103,2.62947
83.2977549,0.0359554,0.988674,0.898102,1.10192,1.02144,2.35755,2.46462,2.45542,2.55827
83.3746289,0.035624,0.978312,0.879335,1.12089,1.03563,2.41572,2.55368,2.52365,2.65126
83.4495268,0.00798171,0.977894,0.87533,1.12491,1.03699,2.41121,2.55386,2.5229,2.65452
83.7401528,0.0114033,1.01503,0.876467,1.12402,1.00067,2.11586,2.21485,2.25933,2.36561
83.8150797,0.0129226,1.07289,0.906184,1.1002,0.938358,1.6304,1.64139,1.80176,1.84253
83.8899748,0.0273473,1.01716,0.872575,1.12801,0.999587,2.10137,2.2017,2.2505,2.35933
83.9653664,0.0258317,0.986681,0.856345,1.1437,1.03336,2.31777,2.46999,2.45615,2.59983
84.0407586,0.0175497,0.977957,0.845624,1.15463,1.04492,2.36157,2.53596,2.50348,2.66281
84.2639584,0.00102445,0.977968,0.845622,1.15463,1.04491,2.3615,2.53589,2.50342,2.66274
84.338358,0.014918,0.965251,0.843881,1.15696,1.05782,2.43762,2.62989,2.57116,2.74028
84.4122623,0.0325537,0.998673,0.829866,1.17015,1.02985,2.21995,2.38544,2.39402,2.55576
84.4936036,0.0478568,0.999134,0.810665,1.18935,1.03608,2.20712,2.39264,2.39974,2.57976
84.5689951,0.0154995,0.997259,0.802612,1.19739,1.04087,2.21227,2.40908,2.41102,2.59981
84.8095577,0.00121072,0.997279,0.802612,1.19739,1.04085,2.21217,2.40896,2.41093,2.59971
84.8844235,0.0272094,0.930218,0.80475,1.19983,1.1054,2.53408,2.82112,2.68315,2.91019
84.9608373,0.0408444,0.927108,0.78606,1.21928,1.1158,2.50703,2.82352,2.67397,2.91945
85.0783603,0.0217445,0.942199,0.768309,1.23526,1.10835,2.417,2.7344,2.61155,2.86349
85.2490152,0.00959262,0.942316,0.767331,1.23624,1.10866,2.41501,2.73355,2.61062,2.86337
85.3293691,0.0351365,0.898515,0.771695,1.23936,1.15073,2.57644,2.95856,2.74285,3.01923
85.4047611,0.0327902,0.927063,0.739751,1.26674,1.13685,2.42426,2.80648,2.63968,2.92592
85.4796533,0.00482943,0.926775,0.736428,1.27022,1.1388,2.41991,2.80756,2.63863,2.92796
85.8819087,0.00233017,0.929206,0.752957,1.2528,1.12829,2.43871,2.79809,2.64157,2.9149
86.3317803,0.00102445,0.934378,0.78309,1.22125,1.10979,2.4728,2.78229,2.64732,2.89086
86.487028,0.00270084,0.941476,0.817248,1.18577,1.08976,2.51074,2.76597,2.65421,2.86288
86.8813177,0.0024375,0.945199,0.833001,1.1695,1.08084,2.52789,2.75883,2.65745,2.84962
87.1070319,0.00474975,0.9455,0.833927,1.16854,1.08025,2.5285,2.75793,2.65731,2.84844
87.1868777,0.0132997,0.933467,0.836989,1.16682,1.09117,2.59898,2.84071,2.71573,2.91226
87.2622764,0.0202768,1.04008,0.827828,1.1743,0.991219,1.98704,2.10365,2.19731,2.33869
87.3366757,0.00329272,1.04024,0.827468,1.17467,0.991192,1.98645,2.10321,2.19717,2.33884
87.5807119,0.00112146,1.04024,0.827526,1.17462,0.991174,1.98642,2.10313,2.19709,2.3387
87.6551073,0.0188136,1.12632,0.894233,1.12367,0.890892,1.44331,1.40996,1.67833,1.70658
87.7289795,0.0252416,1.12494,0.896427,1.1211,0.8916,1.44016,1.40659,1.67205,1.69824
87.8044028,0.0101514,1.12287,0.89429,1.1227,0.894077,1.45439,1.42445,1.6859,1.71552
89.107394,0.00130385,1.12288,0.894303,1.12269,0.894064,1.45431,1.42434,1.68582,1.71542
89.286919,0.00554509,1.12293,0.894363,1.12264,0.894004,1.45394,1.42389,1.68546,1.71496
89.4927855,0.00205103,1.1227,0.894575,1.12237,0.894161,1.45397,1.42399,1.68509,1.71444
89.5751254,0.0177108,1.12026,0.905508,1.11074,0.893708,1.42224,1.38664,1.6421,1.65945
89.6500177,0.0317581,1.10757,0.906043,1.10712,0.905498,1.46561,1.44209,1.6721,1.69477
89.7501777,0.0281259,1.10315,0.909356,1.10279,0.908926,1.46958,1.4479,1.6688,1.68979
89.8270902,0.00428408,1.10239,0.909993,1.10198,0.909503,1.46999,1.44858,1.66791,1.68855
89.9758588,0.00525847,1.1025,0.909967,1.10203,0.909401,1.46964,1.44814,1.66769,1.6883
90.0522772,0.026908,1.04969,0.866304,1.13694,0.970182,1.88549,1.95525,2.07009,2.16651
90.1579209,0.0510182,1.05976,0.869485,1.13502,0.959775,1.8188,1.87464,2.0099,2.09758
90.2332814,0.0410248,1.0814,0.88018,1.12772,0.936504,1.67327,1.69681,1.87563,1.94058
90.3082114,0.00448004,1.08163,0.879956,1.12798,0.936346,1.67276,1.69624,1.87553,1.94062
90.5314125,0.00366189,1.08571,0.874805,1.13389,0.933918,1.66736,1.69074,1.87842,1.94725
90.6058111,0.00484646,1.08417,0.876856,1.13155,0.934798,1.66907,1.69241,1.87692,1.94421
90.755102,0.00149012,1.07536,0.888282,1.11856,0.940124,1.68034,1.70353,1.86986,1.92895
91.0725132,0.00195578,1.07479,0.889057,1.11769,0.940473,1.681,1.70414,1.86929,1.92783
91.7391377,0.0020825,1.0933,0.865486,1.14468,0.929538,1.65732,1.68018,1.88337,1.95916
91.8135673,0.00465661,1.08052,0.88174,1.126,0.936916,1.67313,1.69631,1.8733,1.93696
92.3581437,0.00149012,1.03948,0.938016,1.06401,0.96513,1.73017,1.74758,1.83781,1.86595
92.4330716,0.00133345,1.0384,0.939605,1.06232,0.965973,1.73177,1.74886,1.83673,1.864
92.7647817,0.00271205,1.02615,0.957967,1.04295,0.975946,1.75079,1.76375,1.82448,1.84233
93.0876778,0.00474975,1.01805,0.970548,1.0299,0.982972,1.76394,1.77352,1.8159,1.82786
93.1615814,0.017017,0.97672,0.969897,1.03051,1.02405,2.97569,3.02497,2.98442,3.03116
93.2364779,0.0295383,1.01636,0.969437,1.03095,0.984714,1.81589,1.82802,1.8672,1.88158
93.3123349,0.037719,1.02447,0.976035,1.0247,0.976279,1.54846,1.54735,1.60166,1.60319
93.4130497,0.00456348,1.02451,0.976001,1.02474,0.976241,1.54835,1.54723,1.60163,1.60316
93.6391973,0.00502914,1.02451,0.976003,1.02474,0.976239,1.54827,1.54716,1.60156,1.60308
93.7135973,0.0303197,1.0255,0.978342,1.02244,0.975135,1.48738,1.48335,1.5393,1.53777
93.7895164,0.0326027,1.02463,0.981336,1.01938,0.975861,1.44004,1.43423,1.48785,1.48414
93.8644129,0.00102445,1.02463,0.981336,1.01938,0.97586,1.44002,1.43422,1.48783,1.48412
94.2567484,0.00695256,1.03143,0.976376,1.02479,0.969358,1.43423,1.42647,1.49473,1.49037
94.3306548,0.00875641,1.03998,0.970261,1.03161,0.961284,1.42707,1.41666,1.50323,1.49828
94.7026524,0.00270084,1.05498,0.959835,1.04367,0.947391,1.41506,1.39948,1.51793,1.51255
95.1039158,0.00408298,1.03575,0.973288,1.02821,0.965263,1.4303,1.42121,1.49874,1.49403
95.2065834,0.00821467,1.01669,0.987253,1.01308,0.983536,1.44616,1.44242,1.47886,1.47609
95.2829411,0.00376697,1.00464,0.996405,1.00362,0.995378,1.45668,1.45574,1.46591,1.46504
95.3921039,0.00102445,1.00393,0.996953,1.00307,0.996083,1.45731,1.45652,1.46514,1.46439
95.4838213,0.00139698,1.0038,0.99705,1.00297,0.996207,1.45742,1.45665,1.465,1.46428
96.1122517,0.00297003,0.993575,1.00504,0.995007,1.00646,1.46672,1.46791,1.45375,1.45509
96.2040431,0.0193217,0.998721,1.00364,0.996367,1.00129,1.97578,1.97368,1.97023,1.96815
96.2784428,0.0185078,1.0004,0.998295,1.00171,0.999602,2.07317,2.07433,2.07553,2.0767
96.623162,0.00391155,1.00045,0.998084,1.00192,0.999553,2.07295,2.07425,2.0756,2.07691
96.6985543,0.0054948,1.00023,0.999035,1.00096,0.999775,2.07392,2.07458,2.07526,2.07592
96.7734201,0.0135042,0.999786,1.00021,0.999786,1.00021,1.57104,1.57104,1.57056,1.57056
96.8493378,0.020396,0.998112,1.00189,0.998112,1.00189,1.57293,1.57292,1.56867,1.56868
96.9242343,0.00167638,0.998112,1.00189,0.998112,1.00189,1.57293,1.57292,1.56867,1.56868
97.1414847,0.00121072,0.998112,1.00189,0.998112,1.00189,1.57293,1.57293,1.56867,1.56868
97.215354,0.00419095,0.998112,1.00189,0.998112,1.00189,1.57294,1.57293,1.56868,1.56868
97.2917379,0.00214204,0.998112,1.00189,0.998112,1.00189,1.57294,1.57293,1.56868,1.56869
100.5286314,0.00102445,0.998112,1.00189,0.998112,1.00189,1.57294,1.57293,1.56868,1.56869
100.7979905,0.0120141,0.998112,1.00189,0.998112,1.00189,1.57294,1.57293,1.56868,1.56869
100.8852871,0.0268221,0.997963,1.00204,0.997963,1.00204,1.57313,1.57312,1.56853,1.56854
101.0306121,0.0194646,0.997926,1.00208,0.997926,1.00208,1.57316,1.57315,1.56848,1.56849
101.1585506,0.0503846,0.995997,1.00402,0.995996,1.00402,1.5754,1.57536,1.56633,1.56636
101.2443606,0.0300817,0.99422,1.00582,0.994219,1.00582,1.57744,1.57736,1.56431,1.56438
101.3227579,0.0245869,0.992742,1.00733,0.992741,1.00732,1.57915,1.57903,1.56262,1.56274
101.4442471,0.0248663,0.991305,1.00879,0.991303,1.00879,1.58084,1.58066,1.56099,1.56116
101.5221503,0.0391155,0.988953,1.01121,0.988947,1.0112,1.58367,1.58339,1.55835,1.55863
101.5975116,0.0194646,0.987705,1.01249,0.987701,1.01249,1.58505,1.5847,1.55681,1.55716
101.6803438,0.0236556,0.986241,1.01401,0.986235,1.014,1.58682,1.58638,1.55514,1.55557
101.7552709,0.0218861,0.984889,1.01541,0.984882,1.01541,1.58843,1.5879,1.55355,1.55407
101.8321499,0.0202097,0.983612,1.01674,0.983605,1.01674,1.58994,1.58932,1.55204,1.55265
101.9085037,0.0182539,0.982301,1.01811,0.982294,1.0181,1.5915,1.59077,1.55048,1.55119
102.0141823,0.0166707,0.98063,1.01987,0.980621,1.01986,1.5935,1.59263,1.54847,1.54933
102.0920556,0.0192784,0.978276,1.02235,0.978264,1.02234,1.59639,1.59529,1.54568,1.54677
102.1902615,0.0183471,0.975641,1.02515,0.975627,1.02514,1.59961,1.59822,1.5425,1.54386
102.2973656,0.0137836,0.972835,1.02815,0.972822,1.02813,1.60302,1.60128,1.53901,1.54072
102.3737833,0.0198372,0.96837,1.03298,0.968344,1.03295,1.60871,1.60634,1.53359,1.53591
102.4694779,0.0135042,0.965416,1.0362,0.965393,1.03617,1.61236,1.60952,1.52979,1.5326
102.5458931,0.0160187,0.962481,1.03943,0.962449,1.0394,1.61619,1.61283,1.52614,1.52944
102.619797,0.0108965,0.960749,1.04134,0.960724,1.04131,1.61832,1.61464,1.52382,1.52746
102.6946928,0.012666,0.959064,1.04322,0.959032,1.04319,1.62056,1.61654,1.5217,1.52566
102.7700939,0.0103377,0.958535,1.0438,0.958507,1.04378,1.6212,1.61708,1.52096,1.52504
102.8816809,0.00111759,0.958817,1.04349,0.958787,1.04346,1.62086,1.6168,1.52136,1.52537
104.5536993,0.00147255,0.98438,1.01595,0.984369,1.01594,1.58916,1.58859,1.55308,1.55363
106.3477274,0.00232831,1.00408,0.995939,1.00408,0.995942,1.56655,1.56651,1.57567,1.57571
106.8318385,0.00633915,1.00475,0.995272,1.00476,0.995275,1.56578,1.56573,1.57639,1.57644
106.9806213,0.0291504,1.00476,0.995274,1.00475,0.995273,1.5654,1.56535,1.57602,1.57607
107.0560157,0.0227243,1.00476,0.995274,1.00475,0.995273,1.56542,1.56537,1.57604,1.57609
107.1770115,0.0191852,1.00475,0.995274,1.00475,0.995273,1.56543,1.56538,1.57605,1.5761
107.2588807,0.0325032,1.00476,0.995274,1.00475,0.995273,1.56539,1.56534,1.57601,1.57606
107.3332507,0.0167638,1.00475,0.995274,1.00475,0.995274,1.56544,1.56539,1.57605,1.5761
107.4111536,0.0207685,1.00475,0.995274,1.00475,0.995273,1.56543,1.56538,1.57604,1.57609
107.4865473,0.0200234,1.00475,0.995274,1.00475,0.995273,1.56543,1.56538,1.57605,1.5761
107.5619051,0.0187196,1.00475,0.995274,1.00475,0.995273,1.56543,1.56538,1.57605,1.5761
107.6393108,0.0149012,1.00475,0.995274,1.00475,0.995274,1.56544,1.56539,1.57606,1.57611
107.712721,0.0199303,1.00475,0.995274,1.00475,0.995273,1.56543,1.56538,1.57605,1.5761
107.7866242,0.0203028,1.00475,0.995274,1.00475,0.995273,1.56543,1.56538,1.57604,1.57609
107.8640003,0.01546,1.00475,0.995274,1.00475,0.995274,1.56544,1.56539,1.57606,1.57611
107.9374081,0.0191852,1.00475,0.995274,1.00475,0.995273,1.56543,1.56538,1.57605,1.5761
108.0123025,0.0191852,1.00475,0.995274,1.00475,0.995273,1.56543,1.56538,1.57605,1.5761
108.0981248,0.0200234,1.00475,0.995274,1.00475,0.995273,1.56543,1.56538,1.57605,1.5761
108.1913606,0.0233762,1.00476,0.995274,1.00475,0.995273,1.56542,1.56537,1.57604,1.57609
108.2667204,0.0208616,1.00475,0.995274,1.00475,0.995273,1.56543,1.56538,1.57604,1.57609
108.3614869,0.0181608,1.00475,0.995274,1.00475,0.995274,1.56543,1.56538,1.57605,1.5761
108.4443208,0.0332482,1.00476,0.995274,1.00475,0.995273,1.56539,1.56534,1.57601,1.57606
108.5197127,0.0241213,1.00476,0.995274,1.00475,0.995273,1.56542,1.56537,1.57603,1.57608
108.5936155,0.0194646,1.00475,0.995274,1.00475,0.995273,1.56543,1.56538,1.57605,1.5761
108.6680156,0.025332,1.00461,0.995422,1.0046,0.995422,1.56558,1.56553,1.57586,1.57591
108.7429114,0.0212342,1.00431,0.995719,1.0043,0.995718,1.56593,1.56588,1.57555,1.57559
108.8168156,0.0265427,1.00378,0.996237,1.00378,0.996237,1.5665,1.56647,1.57495,1.57498
108.8946878,0.0269152,1.00322,0.996794,1.00322,0.996793,1.56713,1.56711,1.57434,1.57436
108.9700488,0.0270084,1.00266,0.99735,1.00266,0.99735,1.56776,1.56775,1.57372,1.57374
109.0434882,0.0214204,1.00221,0.997796,1.00221,0.997796,1.56828,1.56827,1.57324,1.57325
109.1208661,0.0263564,1.00165,0.998353,1.00165,0.998353,1.56891,1.5689,1.57261,1.57262
109.196751,0.0265427,1.00109,0.998911,1.00109,0.998911,1.56954,1.56954,1.57199,1.572
109.2706556,0.0210479,1.00064,0.999358,1.00064,0.999358,1.57006,1.57006,1.5715,1.57151
109.4050714,0.0309199,0.999972,1.00003,0.999972,1.00003,1.57084,1.57084,1.57078,1.57078
109.4918708,0.0405125,0.999302,1.0007,0.999302,1.0007,1.57158,1.57158,1.57001,1.57001
109.5707346,0.0250526,0.99893,1.00107,0.99893,1.00107,1.57201,1.57201,1.5696,1.5696
109.6838244,0.0250526,0.998558,1.00144,0.998558,1.00144,1.57244,1.57243,1.56919,1.56919
109.7745605,0.0355765,0.997963,1.00204,0.997963,1.00204,1.57313,1.57312,1.56853,1.56854
109.8494845,0.0317581,0.997443,1.00257,0.997443,1.00257,1.57373,1.57371,1.56795,1.56796
109.9288487,0.0216998,0.997109,1.0029,0.997109,1.0029,1.5741,1.57408,1.56756,1.56758
110.0047343,0.027474,0.996701,1.00331,0.996701,1.00331,1.57458,1.57455,1.56711,1.56714
110.0850872,0.027474,0.99633,1.00369,0.99633,1.00369,1.57501,1.57498,1.5667,1.56673
110.1594872,0.0275671,0.995848,1.00417,0.995848,1.00417,1.57556,1.57552,1.56616,1.5662
110.2353428,0.0273809,0.995404,1.00462,0.995403,1.00462,1.57608,1.57603,1.56566,1.5657
110.3117584,0.0216067,0.995071,1.00496,0.99507,1.00496,1.57645,1.57639,1.56527,1.56532
110.4169101,0.0314787,0.99459,1.00545,0.994589,1.00545,1.57704,1.57697,1.56475,1.56482
110.494782,0.0312924,0.994035,1.00601,0.994034,1.00601,1.57768,1.5776,1.56413,1.56421
110.5686859,0.0258908,0.993481,1.00657,0.993479,1.00657,1.57831,1.57821,1.56348,1.56358
110.6430834,0.0204891,0.993038,1.00703,0.993036,1.00702,1.5788,1.57869,1.56296,1.56307
110.7209278,0.025332,0.992337,1.00774,0.992335,1.00774,1.57964,1.5795,1.56218,1.56231
110.7953575,0.0247732,0.991636,1.00846,0.991634,1.00845,1.58046,1.5803,1.56138,1.56153
110.8697261,0.0199303,0.991047,1.00906,0.991045,1.00906,1.58113,1.58094,1.56068,1.56086
110.9456459,0.0248663,0.990311,1.00981,0.990308,1.00981,1.58201,1.5818,1.55986,1.56007
111.0200442,0.0254251,0.989466,1.01068,0.989462,1.01068,1.58301,1.58276,1.55889,1.55914
111.09491,0.0204891,0.988511,1.01166,0.988508,1.01166,1.58411,1.5838,1.55776,1.55806
111.1703351,0.0256114,0.986973,1.01325,0.986967,1.01325,1.58596,1.58557,1.556,1.55639
111.2442376,0.0248663,0.985254,1.01503,0.985247,1.01503,1.58801,1.5875,1.554,1.55449
111.3200939,0.0203028,0.983648,1.0167,0.983641,1.0167,1.5899,1.58927,1.55208,1.55269
111.4143617,0.0249594,0.981321,1.01914,0.98131,1.01913,1.59275,1.59193,1.54937,1.55017
111.4996774,0.0356701,0.977094,1.02333,0.97735,1.02358,1.59251,1.59153,1.53926,1.54069
111.5760309,0.0201304,0.973549,1.02516,0.975737,1.02724,1.5629,1.5633,1.50336,1.50674
111.6549303,0.025256,0.96992,1.02876,0.972406,1.0311,1.56732,1.56752,1.49919,1.50328
111.7590781,0.0272004,0.965786,1.03415,0.967381,1.03564,1.58987,1.58861,1.51028,1.51427
111.8741691,0.0139698,0.964743,1.03693,0.964718,1.03691,1.61325,1.61029,1.52897,1.53188
112.8125877,0.00828877,0.982124,1.01831,0.982107,1.01829,1.59195,1.5912,1.55049,1.55121
112.9177398,0.0095109,0.986027,1.01424,0.98601,1.01423,1.58742,1.58696,1.55523,1.55566
113.0159457,0.00530936,0.990426,1.0097,0.990414,1.00969,1.58232,1.5821,1.56042,1.56062
113.489132,0.00214204,0.991751,1.00835,0.99174,1.00834,1.58079,1.58063,1.56197,1.56211
113.5649876,0.00102445,0.994519,1.00553,0.994512,1.00552,1.57761,1.57754,1.56516,1.56522
114.2023488,0.0146218,0.996627,1.00339,0.996626,1.00339,1.57464,1.57462,1.56701,1.56704
114.2772756,0.0202097,0.996627,1.00339,0.996626,1.00339,1.57466,1.57463,1.56702,1.56705
114.3506827,0.023935,0.996441,1.00358,0.996441,1.00357,1.57487,1.57485,1.56682,1.56685
114.4260429,0.0271946,0.995997,1.00402,0.995996,1.00402,1.57539,1.57535,1.56632,1.56636
114.5009704,0.0256114,0.994886,1.00515,0.994885,1.00515,1.57666,1.5766,1.56506,1.56512
114.5768588,0.0345521,0.993001,1.00706,0.992999,1.00706,1.57887,1.57876,1.56294,1.56305
114.6517543,0.0343658,0.991342,1.00876,0.991339,1.00875,1.58083,1.58066,1.56107,1.56123
114.7271466,0.0279397,0.990201,1.00993,0.990198,1.00992,1.58216,1.58193,1.55974,1.55996
114.8005572,0.0349246,0.988916,1.01125,0.988911,1.01124,1.58372,1.58343,1.55831,1.55859
114.9250464,0.0347383,0.987816,1.01238,0.987809,1.01238,1.58503,1.58469,1.55705,1.55738
115.0044106,0.0553206,0.986025,1.01424,0.986011,1.01423,1.58733,1.58687,1.55513,1.55556
115.0812602,0.0305474,0.98584,1.01443,0.985831,1.01442,1.58738,1.58692,1.55476,1.55521
115.1581702,0.0332482,0.98584,1.01443,0.985831,1.01442,1.58741,1.58694,1.55478,1.55523
115.2320737,0.0263564,0.986095,1.01416,0.986088,1.01415,1.58705,1.5866,1.55502,1.55546
115.3292605,0.0177883,0.987522,1.01268,0.987517,1.01268,1.58529,1.58493,1.55662,1.55697
115.4751106,0.00186265,0.988769,1.0114,0.988764,1.01139,1.58384,1.58355,1.55809,1.55838
115.6363164,0.00195799,0.989136,1.01102,0.989131,1.01102,1.58343,1.58316,1.55854,1.5588
115.7121713,0.00764195,0.994887,1.00515,0.994884,1.00515,1.57684,1.57678,1.56523,1.56529
115.8054176,0.0060536,1.00277,0.997238,1.00277,0.997239,1.56791,1.56789,1.57412,1.57413
116.3664228,0.00159144,0.987596,1.01261,0.98759,1.0126,1.58527,1.58491,1.55677,1.55712
116.8842486,0.00296418,0.993334,1.00673,0.993331,1.00672,1.57863,1.57852,1.56346,1.56356
116.9596409,0.00219207,0.997667,1.00234,0.997665,1.00234,1.57369,1.57367,1.56841,1.56843
117.5270658,0.0127591,0.997555,1.00245,0.997554,1.00245,1.57358,1.57356,1.56805,1.56807
117.6024556,0.0268221,0.997369,1.00264,0.997369,1.00264,1.57381,1.57379,1.56786,1.56788
117.6763599,0.0286847,0.997369,1.00264,0.997369,1.00264,1.57382,1.5738,1.56787,1.56789
117.7809848,0.0438653,0.997369,1.00264,0.997369,1.00264,1.57384,1.57383,1.5679,1.56791
117.8569036,0.0664043,0.997386,1.00266,0.997352,1.00262,1.5795,1.57946,1.57356,1.57354
117.9486326,0.0396797,0.997418,1.00269,0.99732,1.00259,1.59031,1.59021,1.58436,1.58429
118.0364557,0.0676192,0.997406,1.00268,0.997332,1.0026,1.58631,1.58623,1.58036,1.58031
118.1103603,0.0378117,0.997369,1.00264,0.997369,1.00264,1.57383,1.57382,1.56789,1.5679
118.1862476,0.0470318,0.997369,1.00264,0.997369,1.00264,1.57385,1.57383,1.5679,1.56792
118.2740517,0.046473,0.997369,1.00264,0.997369,1.00264,1.57385,1.57383,1.5679,1.56792
118.3801516,0.0686385,0.993296,1.00676,0.993295,1.00676,1.57854,1.57843,1.56328,1.56338
118.4570316,0.0476837,0.98954,1.01061,0.989535,1.0106,1.58297,1.58272,1.55902,1.55927
118.5324549,0.046473,0.986316,1.01394,0.986306,1.01393,1.58686,1.58642,1.55535,1.55577
118.6078168,0.0366941,0.984052,1.01629,0.98404,1.01628,1.58955,1.58895,1.55269,1.55326
118.7085344,0.0646338,0.980568,1.01995,0.980538,1.01992,1.59406,1.59316,1.54886,1.54971
118.7824386,0.0366941,0.978607,1.02201,0.978584,1.02199,1.59622,1.59514,1.5463,1.54734
118.8642634,0.0543892,0.975583,1.02524,0.975541,1.0252,1.6002,1.59877,1.54291,1.54426
118.9391747,0.0363216,0.9736,1.02735,0.973565,1.02732,1.60245,1.60079,1.5403,1.5419
119.0130472,0.0447966,0.971348,1.02978,0.971297,1.02974,1.60544,1.60347,1.53771,1.53958
119.0889673,0.0420958,0.970312,1.0309,0.970258,1.03085,1.60674,1.60463,1.53643,1.53845
119.1638635,0.0343395,0.97256,1.0329,0.968129,1.02873,1.67084,1.66497,1.60068,1.59892
119.239254,0.0431005,0.972417,1.03278,0.968258,1.02887,1.66685,1.66122,1.59667,1.59515
119.314616,0.0401832,0.971974,1.0324,0.968662,1.02929,1.65445,1.64955,1.58423,1.58344
119.3895425,0.0311297,0.971696,1.03216,0.968921,1.02955,1.6466,1.64215,1.57635,1.57602
119.4654298,0.0378531,0.971987,1.03241,0.968651,1.02927,1.65481,1.64988,1.58459,1.58378
119.5407918,0.0368861,0.970936,1.03148,0.969644,1.03027,1.62487,1.62169,1.55457,1.55553
119.6162144,0.036793,0.970937,1.03148,0.969643,1.03026,1.62491,1.62173,1.55462,1.55557
119.6910799,0.0292584,0.971439,1.03193,0.969163,1.02979,1.63929,1.63527,1.56902,1.56913
119.7665032,0.0363292,0.971037,1.03157,0.969547,1.03017,1.62778,1.62443,1.55748,1.55827
119.8800828,0.0363235,0.970671,1.03124,0.969902,1.03051,1.61722,1.61449,1.54692,1.54832
119.9985984,0.0512269,0.970769,1.03133,0.969806,1.03042,1.62006,1.61716,1.54975,1.55099
120.0879098,0.0593575,0.9715,1.03199,0.969105,1.02973,1.64103,1.63691,1.57076,1.57077
120.1628057,0.0378575,0.972077,1.03249,0.968568,1.02919,1.65734,1.65226,1.58712,1.58616
120.2411419,0.0303252,0.972522,1.03287,0.968164,1.02877,1.66977,1.66397,1.59961,1.59791
120.3155783,0.0376628,0.971905,1.03234,0.968726,1.02935,1.65251,1.64771,1.58227,1.5816
120.3899734,0.0378375,0.971629,1.0321,0.968983,1.02961,1.6447,1.64036,1.57444,1.57423
120.4648692,0.0381075,0.971355,1.03186,0.969242,1.02987,1.63689,1.63301,1.56661,1.56686
120.5824397,0.0449907,0.970976,1.03152,0.969606,1.03023,1.62601,1.62277,1.55572,1.5566
120.6578017,0.0446151,0.970832,1.03139,0.969745,1.03036,1.62187,1.61887,1.55157,1.5527
120.732231,0.0295242,0.970639,1.03121,0.969934,1.03055,1.61627,1.6136,1.54597,1.54743
120.8075915,0.0322501,0.971583,1.03241,0.96868,1.02968,1.64843,1.64385,1.57774,1.57733
120.9132711,0.00875443,0.970608,1.03358,0.967586,1.03075,1.64994,1.64511,1.57666,1.5763
121.0635285,0.00102445,0.970608,1.03358,0.967586,1.03075,1.64996,1.64513,1.57669,1.57632
121.1379585,0.012666,0.96908,1.0322,0.969061,1.03218,1.60773,1.60547,1.53438,1.53661
121.2123592,0.0200234,0.969085,1.03221,0.969056,1.03218,1.60787,1.60561,1.53453,1.53675
121.3309069,0.0135973,0.96908,1.0322,0.969061,1.03218,1.60774,1.60548,1.5344,1.53663
122.0778811,0.00670552,0.959352,1.04291,0.959306,1.04287,1.62036,1.61639,1.52222,1.52612
122.153766,0.00730599,0.953942,1.049,0.953867,1.04893,1.62766,1.6225,1.51533,1.52036
122.2291579,0.0055145,0.95152,1.05177,0.951421,1.05168,1.63107,1.62532,1.51227,1.51785
122.7633191,0.00356953,0.949834,1.05372,0.949711,1.0536,1.63352,1.62733,1.51017,1.51616
122.8392071,0.00376812,0.9597,1.04259,0.959591,1.04249,1.62062,1.61666,1.52331,1.52708
123.089717,0.00214204,0.962696,1.03927,0.962589,1.03917,1.61684,1.61344,1.52723,1.53044
123.1640874,0.00860151,0.966845,1.03472,0.966735,1.03462,1.61178,1.60909,1.53271,1.53521
123.2652694,0.0128337,1.00811,1.03766,0.962348,0.993259,2.53221,2.49253,2.49862,2.45816
123.5698132,0.00487501,1.00727,1.03403,0.96598,0.993846,2.52877,2.49288,2.49838,2.46185
123.6452048,0.0123459,1.01157,1.0197,0.980386,0.988771,2.86927,2.84205,2.86038,2.83238
123.7206313,0.0012143,1.01054,1.01796,0.982107,0.989744,2.86769,2.84284,2.85955,2.83404
124.1148921,0.0083819,1.01063,1.01812,0.981956,0.989657,2.8679,2.84284,2.8597,2.83397
124.1971995,0.0290626,0.985678,1.01397,0.986291,1.01457,1.56768,1.56777,1.5354,1.53639
124.5632492,0.0028871,0.985417,1.01423,0.98604,1.01484,1.56801,1.56809,1.53513,1.53614
124.6386708,0.00344589,0.985492,1.01416,0.986111,1.01476,1.56796,1.56804,1.53525,1.53625
124.7442869,0.0118487,0.993626,1.01622,0.983856,1.00666,1.94961,1.94077,1.92382,1.91548
124.8216648,0.0136892,1.00398,1.0123,0.987705,0.996164,2.62599,2.61166,2.61662,2.60214
125.3503985,0.0228723,0.999185,1.00325,0.996756,1.00083,2.0616,2.05944,2.05703,2.05488
125.4267827,0.0015046,1.00023,0.999094,1.00091,0.999771,2.0573,2.0579,2.05857,2.05918
125.6723041,0.00130385,1.00023,0.999094,1.00091,0.999771,2.0573,2.0579,2.05857,2.05918
125.7561274,0.0164177,1.0006,0.999318,1.00068,0.9994,1.62679,1.62686,1.62823,1.62831
125.8553277,0.0186599,1.0006,0.999315,1.00069,0.999402,1.62996,1.63003,1.6314,1.63148
130.8227632,0.0138767,1.00072,1.00072,0.999277,0.999277,0.000636639,-0.000647779,0.00063756,-0.000648716
130.9264258,0.0366941,1.00072,1.00072,0.999277,0.999277,0.000627481,-0.000656937,0.000628389,-0.000657888
131.0028407,0.04014,1.00072,1.00072,0.999277,0.999277,0.000626098,-0.00065832,0.000627004,-0.000659273
131.0787288,0.0196509,1.00072,1.00072,0.999277,0.999277,0.000634322,-0.000650097,0.000635239,-0.000651037
131.5263821,0.00829714,1.00081,1.00081,0.999193,0.999193,0.0007044,-0.000728802,0.000705538,-0.000729979
131.6032321,0.0189409,1.00124,1.00094,0.999062,0.998764,0.153813,0.151882,0.15415,0.152215
131.6806072,0.0288928,1.00273,1.00179,0.99822,0.997276,0.232358,0.228359,0.233427,0.229411
131.7550379,0.0329357,1.00477,1.00297,0.997052,0.995239,0.259686,0.252847,0.261742,0.254854
131.8294065,0.0277519,1.00792,1.00456,0.995493,0.992095,0.299821,0.28882,0.303681,0.292555
131.9058217,0.0346198,1.01011,1.00739,0.992701,0.989927,0.181778,0.16641,0.185002,0.169373
131.9802217,0.0359043,1.01331,1.01089,0.989258,0.986773,0.123406,0.102248,0.126423,0.104755
132.08336,0.0297092,1.01247,1.01248,0.987644,0.987648,0.0107029,-0.0110981,0.0109719,-0.0113771
132.1781219,0.0544824,1.01247,1.01248,0.987642,0.98765,0.0105293,-0.0112716,0.010794,-0.011555
132.2688636,0.0451691,1.01247,1.01248,0.987642,0.987649,0.0105928,-0.0112082,0.0108591,-0.01149
132.3437894,0.0433996,1.01247,1.01248,0.987643,0.987649,0.0106048,-0.0111961,0.0108714,-0.0114776
132.4181901,0.026077,1.01247,1.01248,0.987644,0.987648,0.0107228,-0.0110781,0.0109924,-0.0113566
132.4925577,0.0322238,1.01247,1.01248,0.987643,0.987648,0.0106809,-0.01112,0.0109495,-0.0113995
132.5694673,0.0365078,1.01247,1.01248,0.987643,0.987649,0.0106518,-0.0111492,0.0109196,-0.0114295
132.6448585,0.0317581,1.01247,1.01248,0.987643,0.987648,0.0106841,-0.0111168,0.0109527,-0.0113963
132.7276635,0.0430271,1.01247,1.01248,0.987643,0.987649,0.0106073,-0.0111936,0.010874,-0.011475
132.8060633,0.0487082,1.01247,1.01248,0.987642,0.98765,0.0105686,-0.0112323,0.0108344,-0.0115147
132.9230876,0.054203,1.01247,1.01248,0.987642,0.98765,0.0105312,-0.0112697,0.010796,-0.011553
133.0054529,0.0917353,1.01247,1.01248,0.987639,0.987653,0.0102755,-0.0115254,0.0105339,-0.0118151
133.0803191,0.0599772,1.01247,1.01248,0.987641,0.987651,0.0104919,-0.011309,0.0107557,-0.0115934
133.1581895,0.0507571,1.01247,1.01248,0.987642,0.98765,0.0105547,-0.0112462,0.0108201,-0.011529
133.2355974,0.0674278,1.01247,1.01248,0.987641,0.987651,0.0104411,-0.0113598,0.0107036,-0.0116454
133.3099653,0.0705011,1.01247,1.01248,0.98764,0.987651,0.0104202,-0.0113807,0.0106822,-0.0116669
133.4171009,0.0717118,1.01247,1.01248,0.98764,0.987651,0.0104119,-0.011389,0.0106737,-0.0116753
133.4935168,0.0861473,1.01247,1.01248,0.987639,0.987653,0.0103136,-0.0114873,0.0105729,-0.0117761
133.5797905,0.0691041,1.01247,1.01248,0.987641,0.987651,0.0104297,-0.0113712,0.0106919,-0.0116571
133.7077862,0.0829808,1.01247,1.01248,0.98764,0.987652,0.0103352,-0.0114657,0.010595,-0.011754
133.8029888,0.126567,1.01247,1.01249,0.987636,0.987656,0.0100383,-0.0117627,0.0102906,-0.0120584
133.8863199,0.0556,1.01264,1.01265,0.987476,0.987484,0.0106671,-0.0114245,0.010939,-0.0117156
133.9900122,0.0213273,1.01273,1.01273,0.987395,0.987399,0.0109712,-0.0112657,0.0112527,-0.0115547
134.0698375,0.00400469,1.01273,1.01273,0.987395,0.987399,0.0109434,-0.0112935,0.0112242,-0.0115832
140.22048,0.00242144,1.01273,1.01273,0.987395,0.987399,0.0109266,-0.0113103,0.0112069,-0.0116005
140.3053281,0.0143424,1.01273,1.01273,0.987396,0.987398,0.0110188,-0.0112181,0.0113015,-0.0115059
140.3866746,0.0178814,1.01273,1.01273,0.987396,0.987398,0.0109942,-0.0112427,0.0112763,-0.0115312
140.4749635,0.0241213,1.01273,1.01273,0.987395,0.987399,0.0109508,-0.0112861,0.0112318,-0.0115756
140.6341795,0.0484288,1.01273,1.01273,0.987393,0.987401,0.0107819,-0.011455,0.0110586,-0.0117489
140.7130077,0.0693835,1.01272,1.01274,0.987391,0.987403,0.0106363,-0.0116006,0.0109092,-0.0118982
140.7903852,0.0360422,1.01273,1.01273,0.987394,0.9874,0.010868,-0.0113689,0.0111469,-0.0116606
140.9510882,0.0625849,1.01272,1.01273,0.987392,0.987402,0.0106836,-0.0115533,0.0109577,-0.0118497
141.1137753,0.127591,1.01272,1.01274,0.987387,0.987407,0.0102319,-0.012005,0.0104944,-0.012313
141.1921772,0.120513,1.01272,1.01274,0.987387,0.987407,0.0102811,-0.0119558,0.0105449,-0.0122626
141.3230869,0.0839122,1.01272,1.01274,0.98739,0.987404,0.0105354,-0.0117015,0.0108057,-0.0120017
141.399999,0.0872649,1.01272,1.01274,0.98739,0.987404,0.0105121,-0.0117248,0.0107818,-0.0120256
141.4843184,0.08801,1.01272,1.01274,0.98739,0.987404,0.0105069,-0.01173,0.0107765,-0.0120309
141.5671506,0.0723638,1.01272,1.01274,0.987391,0.987403,0.0106156,-0.0116213,0.010888,-0.0119194
141.6504782,0.0692904,1.01272,1.01274,0.987391,0.987403,0.010637,-0.0115999,0.0109099,-0.0118975
141.7298064,0.0705943,1.01272,1.01274,0.987391,0.987403,0.0106279,-0.011609,0.0109006,-0.0119068
141.815646,0.0714324,1.01272,1.01274,0.987391,0.987403,0.0106221,-0.0116148,0.0108946,-0.0119128
141.8939826,0.0719912,1.01272,1.01274,0.987391,0.987403,0.0106182,-0.0116187,0.0108907,-0.0119168
141.9775747,0.0859611,1.01272,1.01274,0.98739,0.987404,0.0105211,-0.0117157,0.0107911,-0.0120163
142.0623882,0.0718981,1.01272,1.01274,0.987391,0.987403,0.0106189,-0.011618,0.0108913,-0.0119161
142.14519,0.0742264,1.01272,1.01274,0.987391,0.987403,0.0106027,-0.0116342,0.0108747,-0.0119327
142.2235883,0.0746921,1.01272,1.01274,0.987391,0.987403,0.0105995,-0.0116374,0.0108714,-0.011936
142.3059243,0.0772998,1.01272,1.01274,0.987391,0.987403,0.0105813,-0.0116556,0.0108528,-0.0119546
142.3872364,0.0804663,1.01272,1.01274,0.987391,0.987403,0.0105593,-0.0116776,0.0108303,-0.0119772
142.4720837,0.100117,1.01272,1.01274,0.987389,0.987405,0.0104228,-0.0118141,0.0106902,-0.0121172
142.5529796,0.0839122,1.01272,1.01274,0.98739,0.987404,0.0105354,-0.0117015,0.0108057,-0.0120017
142.6377956,0.083074,1.01272,1.01274,0.98739,0.987404,0.0105412,-0.0116957,0.0108117,-0.0119958
142.7464238,0.0614673,1.01273,1.01273,0.987392,0.987402,0.0106913,-0.0115455,0.0109657,-0.0118418
142.8867878,0.00633299,1.01272,1.01274,0.987392,0.987402,0.0106473,-0.0115896,0.0109205,-0.0118869
169.2199835,0.00270084,1.01272,1.01274,0.987391,0.987403,0.0106286,-0.0116083,0.0109013,-0.0119062
169.3008318,0.00884756,1.01272,1.01274,0.987391,0.987403,0.0105671,-0.0116698,0.0108382,-0.0119692
169.3801918,0.0142568,1.01236,1.01309,0.98703,0.987777,-0.0212419,-0.0434673,-0.0217871,-0.0445818
169.4635193,0.0191852,1.01273,1.01273,0.987395,0.987399,0.0109851,-0.0112518,0.011267,-0.0115404
169.5458554,0.0217929,1.01273,1.01273,0.987395,0.987399,0.010967,-0.0112699,0.0112484,-0.011559
169.6256797,0.0230968,1.01273,1.01273,0.987395,0.987399,0.010958,-0.0112789,0.0112391,-0.0115683
169.7085432,0.0255182,1.01273,1.01273,0.987395,0.987399,0.0109411,-0.0112958,0.0112219,-0.0115856
169.7863844,0.0275671,1.01273,1.01273,0.987395,0.987399,0.0109269,-0.01131,0.0112073,-0.0116002
169.8702399,0.0289641,1.01273,1.01273,0.987395,0.987399,0.0109172,-0.0113197,0.0111973,-0.0116101
169.9615161,0.0306405,1.01273,1.01273,0.987395,0.987399,0.0109055,-0.0113314,0.0111853,-0.0116221
170.0874839,0.0498258,1.01273,1.01273,0.987393,0.987401,0.0107722,-0.0114647,0.0110486,-0.0117588
170.1703189,0.0553206,1.01273,1.01273,0.987393,0.987401,0.0107341,-0.0115028,0.0110095,-0.011798
170.2526552,0.0434928,1.01273,1.01273,0.987393,0.9874,0.0108162,-0.0114207,0.0110938,-0.0117137
170.3339687,0.0451691,1.01273,1.01273,0.987393,0.987401,0.0108046,-0.0114323,0.0110818,-0.0117256
170.4168304,0.0570901,1.01273,1.01273,0.987392,0.987402,0.0107218,-0.0115151,0.0109969,-0.0118106
170.4991347,0.0485219,1.01273,1.01273,0.987393,0.987401,0.0107813,-0.0114556,0.0110579,-0.0117495
170.5820007,0.0484288,1.01273,1.01273,0.987393,0.987401,0.0107819,-0.011455,0.0110586,-0.0117489
170.6603659,0.0488944,1.01273,1.01273,0.987393,0.987401,0.0107787,-0.0114582,0.0110553,-0.0117522
170.7461442,0.0496395,1.01273,1.01273,0.987393,0.987401,0.0107735,-0.0114634,0.0110499,-0.0117575
170.8255341,0.0507571,1.01273,1.01273,0.987393,0.987401,0.0107658,-0.0114711,0.011042,-0.0117654
170.9083359,0.0506639,1.01273,1.01273,0.987393,0.987401,0.0107664,-0.0114705,0.0110426,-0.0117648
170.9892149,0.0512227,1.01273,1.01273,0.987393,0.987401,0.0107625,-0.0114744,0.0110387,-0.0117688
171.0958564,0.0629574,1.01272,1.01273,0.987392,0.987402,0.010681,-0.0115559,0.010955,-0.0118524
171.1791794,0.0623986,1.01272,1.01273,0.987392,0.987402,0.0106849,-0.011552,0.010959,-0.0118484
171.2759057,0.0610017,1.01274,1.01272,0.98741,0.987384,0.012202,-0.0100349,0.0125151,-0.0102923
171.4222216,0.0922941,1.01272,1.01274,0.98739,0.987404,0.0104771,-0.0117597,0.010746,-0.0120615
171.4941416,0.0498258,1.01273,1.01273,0.987393,0.987401,0.0107722,-0.0114647,0.0110486,-0.0117588
171.5992641,0.0498258,1.01273,1.01273,0.987393,0.987401,0.0107722,-0.0114647,0.0110486,-0.0117588
171.6920143,0.0680797,1.01272,1.01274,0.987392,0.987402,0.0106454,-0.0115915,0.0109185,-0.0118889
171.7768553,0.0580214,1.01273,1.01273,0.987392,0.987402,0.0107153,-0.0115216,0.0109902,-0.0118172
171.8606748,0.0459142,1.01273,1.01273,0.987393,0.987401,0.0107994,-0.0114375,0.0110765,-0.0117309
171.9891352,0.03241,1.01273,1.01273,0.987394,0.9874,0.0108932,-0.0113436,0.0111727,-0.0116347
176.371791,0.00363216,1.01273,1.01273,0.987394,0.9874,0.0108622,-0.0113747,0.0111409,-0.0116666
176.4512969,0.0117347,1.01273,1.01273,0.987396,0.987398,0.0110369,-0.0112,0.0113201,-0.0114873
176.5316241,0.0190921,1.01273,1.01273,0.987395,0.987399,0.0109858,-0.0112511,0.0112677,-0.0115398
176.613001,0.0244007,1.01273,1.01273,0.987395,0.987399,0.0109489,-0.011288,0.0112298,-0.0115776
176.6945898,0.0287779,1.01273,1.01273,0.987395,0.987399,0.0109185,-0.0113184,0.0111986,-0.0116088
176.7759336,0.0380911,1.01273,1.01273,0.987394,0.9874,0.0108538,-0.0113831,0.0111323,-0.0116752
176.8557879,0.04014,1.01273,1.01273,0.987394,0.9874,0.0108395,-0.0113974,0.0111176,-0.0116898
176.9351478,0.0408851,1.01273,1.01273,0.987394,0.9874,0.0108344,-0.0114025,0.0111123,-0.0116951
177.0190064,0.0447044,1.0128,1.01266,0.987465,0.98733,0.0169786,-0.00525791,0.0174142,-0.00539282
177.1032935,0.0565406,1.01292,1.01253,0.987601,0.987197,0.028615,0.00638143,0.0293489,0.0065452
177.1836439,0.0515429,1.01316,1.01228,0.987856,0.986958,0.0500119,0.0277916,0.051294,0.0285049
177.2684909,0.0501509,1.01319,1.01225,0.987891,0.986925,0.0529458,0.0307281,0.054303,0.0315168
177.3458666,0.047534,1.01315,1.01229,0.98785,0.986964,0.0494807,0.02726,0.0507492,0.0279596
177.4708273,0.0180686,1.01267,1.01245,0.987678,0.987449,0.0210274,-0.000917733,0.0215596,-0.000940967
178.0005868,0.0110827,1.01248,1.01248,0.987645,0.987647,0.010825,-0.010976,0.0110971,-0.0112519
178.079453,0.0194646,1.01247,1.01248,0.987644,0.987647,0.0107679,-0.0110331,0.0110386,-0.0113104
178.1637387,0.0390224,1.01247,1.01248,0.987643,0.987649,0.0106346,-0.0111663,0.010902,-0.011447
178.2411148,0.0347383,1.01247,1.01248,0.987643,0.987649,0.0106638,-0.0111371,0.0109319,-0.0114171
178.3289065,0.0353903,1.01247,1.01248,0.987643,0.987649,0.0106594,-0.0111415,0.0109274,-0.0114217
178.4107778,0.0361353,1.01247,1.01248,0.987643,0.987649,0.0106543,-0.0111466,0.0109222,-0.0114269
178.4955944,0.0383705,1.01247,1.01248,0.987643,0.987649,0.0106391,-0.0111618,0.0109066,-0.0114425
178.5754448,0.0388362,1.01247,1.01248,0.987643,0.987649,0.0106359,-0.011165,0.0109033,-0.0114457
178.7014027,0.0470318,1.01247,1.01248,0.987642,0.98765,0.0105801,-0.0112209,0.0108461,-0.011503
178.7812584,0.0539236,1.01247,1.01248,0.987642,0.98765,0.0105331,-0.0112678,0.0107979,-0.0115511
178.8834344,0.0479631,1.01247,1.01248,0.987642,0.98765,0.0105737,-0.0112272,0.0108396,-0.0115095
178.9662676,0.0471249,1.01247,1.01248,0.987642,0.98765,0.0105794,-0.0112215,0.0108454,-0.0115036
179.0520741,0.0382774,1.01247,1.01248,0.987643,0.987649,0.0106397,-0.0111612,0.0109072,-0.0114418
179.1319298,0.0335276,1.01247,1.01248,0.987643,0.987648,0.0106721,-0.0111289,0.0109404,-0.0114087
179.2172419,0.0137836,1.01252,1.01252,0.987603,0.987605,0.0108429,-0.0110307,0.0111164,-0.011309
179.2966019,0.00242144,1.01252,1.01252,0.987603,0.987606,0.0108264,-0.0110472,0.0110995,-0.0113259
192.6483149,0.00648591,1.01349,1.01349,0.986649,0.986653,0.0116114,-0.0119321,0.0119273,-0.0122567
192.7549543,0.00789045,1.01523,1.01523,0.984949,0.984955,0.0130382,-0.0134742,0.013439,-0.0138884
192.8388129,0.0034572,1.01573,1.01574,0.984452,0.984459,0.0134432,-0.0139362,0.0138704,-0.0143791
193.1279463,0.0110827,0.986145,1.0141,0.986148,1.0141,-1.55495,-1.55538,-1.58684,-1.5864
193.2063457,0.0241213,0.986143,1.0141,0.98615,1.0141,-1.55506,-1.5555,-1.58696,-1.58651
193.2852095,0.00726432,0.986178,1.01406,0.986187,1.01407,-1.55517,-1.5556,-1.58698,-1.58653
193.7990649,0.00298023,0.986178,1.01406,0.986188,1.01407,-1.5552,-1.55562,-1.58701,-1.58656
193.8778973,0.0108965,0.986181,1.01406,0.986184,1.01406,-1.55499,-1.55542,-1.5868,-1.58636
193.9562981,0.00596046,0.98618,1.01406,0.986185,1.01407,-1.55504,-1.55547,-1.58685,-1.58641
194.3258169,0.00474975,0.98618,1.01406,0.986186,1.01407,-1.55508,-1.55552,-1.58689,-1.58645
194.4041842,0.00875443,0.986179,1.01406,0.986187,1.01407,-1.55516,-1.55559,-1.58697,-1.58653
194.5013703,0.00251457,0.986178,1.01406,0.986187,1.01407,-1.55518,-1.55561,-1.58699,-1.58655
195.02716,0.0031514,0.987166,1.01304,0.987176,1.01305,-1.55637,-1.55674,-1.58586,-1.58547
195.1045382,0.00186497,0.9932,1.00685,0.993206,1.00686,-1.5634,-1.5635,-1.57886,-1.57875
195.716103,0.0030092,0.994346,1.00569,0.994351,1.00569,-1.56473,-1.5648,-1.57756,-1.57749
195.7939756,0.0103456,0.999774,0.999899,1.0001,1.00023,-2.73445,-2.73416,-2.73459,-2.7343
196.4085245,0.0156462,0.999432,1.00057,0.999432,1.00057,-1.57016,-1.57016,-1.57144,-1.57144
196.4853671,0.00875443,0.999432,1.00057,0.999432,1.00057,-1.57016,-1.57016,-1.57144,-1.57144
199.6895604,0.00353903,0.999432,1.00057,0.999432,1.00057,-1.57016,-1.57016,-1.57144,-1.57144
199.8546951,0.0104308,0.999432,1.00057,0.999432,1.00057,-1.57016,-1.57016,-1.57144,-1.57144
199.94794,0.0325309,0.999509,1.00064,0.999363,1.00049,-1.45534,-1.45547,-1.45661,-1.45674
200.0471713,0.0281748,0.999519,1.00065,0.999354,1.00048,-1.44082,-1.44097,-1.44209,-1.44224
200.1349334,0.032439,0.999594,1.0007,0.9993,1.00041,-1.33831,-1.33857,-1.33955,-1.33981
200.2157814,0.0286078,0.999583,1.00069,0.999308,1.00042,-1.35351,-1.35375,-1.35476,-1.355
200.2946452,0.0342443,0.999528,1.00065,0.999347,1.00047,-1.4282,-1.42836,-1.42946,-1.42962
200.3725485,0.0329054,0.99946,1.00059,0.999405,1.00054,-1.52768,-1.52773,-1.52896,-1.529
200.4494274,0.0277534,0.999432,1.00057,0.999432,1.00057,-1.57017,-1.57017,-1.57145,-1.57145
200.5560372,0.00763685,1.00029,0.999711,1.00029,0.999711,-1.57113,-1.57113,-1.57048,-1.57048
200.8784636,0.0060536,1.00029,0.999711,1.00029,0.999711,-1.57113,-1.57113,-1.57048,-1.57048
200.9632831,0.0174157,1.00029,0.999711,1.00029,0.999711,-1.57112,-1.57112,-1.57047,-1.57047
201.0545463,0.0173226,1.00029,0.999711,1.00029,0.999711,-1.57112,-1.57112,-1.57047,-1.57047
201.1313967,0.0269152,1.00029,0.999711,1.00029,0.999711,-1.57112,-1.57112,-1.57047,-1.57047
201.2092985,0.02468,1.00029,0.999711,1.00029,0.999711,-1.57112,-1.57112,-1.57047,-1.57047
201.2881673,0.0257976,1.00029,0.999711,1.00029,0.999711,-1.57112,-1.57112,-1.57047,-1.57047
201.3833653,0.0207685,1.00029,0.999711,1.00029,0.999711,-1.57112,-1.57112,-1.57047,-1.57047
201.4681792,0.0374392,1.00029,0.999711,1.00029,0.999711,-1.57111,-1.57111,-1.57046,-1.57046
201.5450905,0.0270084,1.00029,0.999711,1.00029,0.999711,-1.57112,-1.57112,-1.57047,-1.57047
201.6234279,0.0210479,1.00029,0.999711,1.00029,0.999711,-1.57112,-1.57112,-1.57047,-1.57047
201.7033139,0.0311062,1.00029,0.999711,1.00029,0.999711,-1.57112,-1.57112,-1.57047,-1.57047
201.7821777,0.0202097,1.00029,0.999711,1.00029,0.999711,-1.57112,-1.57112,-1.57047,-1.57047
201.9190776,0.031013,1.00029,0.999711,1.00029,0.999711,-1.57112,-1.57112,-1.57047,-1.57047
202.0291554,0.0458211,1.00029,0.999711,1.00029,0.999711,-1.57111,-1.57111,-1.57046,-1.57046
202.1075538,0.0299886,1.00029,0.999711,1.00029,0.999711,-1.57112,-1.57112,-1.57047,-1.57047
202.1839376,0.0248663,1.00029,0.999711,1.00029,0.999711,-1.57112,-1.57112,-1.57047,-1.57047
202.2603218,0.020396,1.00029,0.999711,1.00029,0.999711,-1.57112,-1.57112,-1.57047,-1.57047
202.3451374,0.0256114,1.00029,0.999711,1.00029,0.999711,-1.57112,-1.57112,-1.57047,-1.57047
202.4234755,0.0250526,1.00029,0.999711,1.00029,0.999711,-1.57112,-1.57112,-1.57047,-1.57047
202.5013463,0.0249594,1.00029,0.999711,1.00029,0.999711,-1.57112,-1.57112,-1.57047,-1.57047
202.5787542,0.0247732,1.00029,0.999711,1.00029,0.999711,-1.57112,-1.57112,-1.57047,-1.57047
202.655138,0.0251457,1.00029,0.999711,1.00029,0.999711,-1.57112,-1.57112,-1.57047,-1.57047
202.7329774,0.0256114,1.00029,0.999711,1.00029,0.999711,-1.57112,-1.57112,-1.57047,-1.57047
202.8113779,0.0258908,1.00029,0.999711,1.00029,0.999711,-1.57112,-1.57112,-1.57047,-1.57047
202.8882258,0.0268221,1.00029,0.999711,1.00029,0.999711,-1.57112,-1.57112,-1.57047,-1.57047
202.9700653,0.0212342,1.00029,0.999711,1.00029,0.999711,-1.57112,-1.57112,-1.57047,-1.57047
203.051907,0.0313856,1.00029,0.999711,1.00029,0.999711,-1.57112,-1.57112,-1.57047,-1.57047
203.1739512,0.0263564,1.00029,0.999711,1.00029,0.999711,-1.57112,-1.57112,-1.57047,-1.57047
203.2543044,0.0372529,1.00029,0.999711,1.00029,0.999711,-1.57111,-1.57111,-1.57046,-1.57046
203.3311851,0.0282191,1.00029,0.999711,1.00029,0.999711,-1.57112,-1.57112,-1.57047,-1.57047
203.4095224,0.0280328,1.00029,0.999711,1.00029,0.999711,-1.57112,-1.57112,-1.57047,-1.57047
203.4864324,0.0281259,1.00029,0.999711,1.00029,0.999711,-1.57112,-1.57112,-1.57047,-1.57047
203.5627863,0.0284053,1.00029,0.999711,1.00029,0.999711,-1.57112,-1.57112,-1.57047,-1.57047
203.6421797,0.0282191,1.00029,0.999711,1.00029,0.999711,-1.57112,-1.57112,-1.57047,-1.57047
203.7180335,0.0227243,1.00029,0.999711,1.00029,0.999711,-1.57112,-1.57112,-1.57047,-1.57047
203.8028485,0.028871,1.00029,0.999711,1.00029,0.999711,-1.57112,-1.57112,-1.57047,-1.57047
203.8991164,0.0341795,1.00029,0.999711,1.00029,0.999711,-1.57111,-1.57111,-1.57047,-1.57047
204.0260503,0.0407919,1.00029,0.999711,1.00029,0.999711,-1.57111,-1.57111,-1.57046,-1.57046
204.1044479,0.0405125,1.00029,0.999711,1.00029,0.999711,-1.57111,-1.57111,-1.57046,-1.57046
204.1823202,0.0231899,1.00029,0.999711,1.00029,0.999711,-1.57112,-1.57112,-1.57047,-1.57047
204.260197,0.0292435,1.00029,0.999711,1.00029,0.999711,-1.57112,-1.57112,-1.57047,-1.57047
204.3628765,0.0298955,1.00029,0.999711,1.00029,0.999711,-1.57112,-1.57112,-1.57047,-1.57047
204.4987415,0.0487085,1.00029,0.99971,1.00029,0.999713,-1.56729,-1.56729,-1.56664,-1.56664
204.58904,0.0494603,1.00028,0.999706,1.00029,0.999717,-1.55417,-1.55416,-1.55352,-1.55351
204.6658893,0.0313861,1.00029,0.999709,1.00029,0.999713,-1.56518,-1.56518,-1.56453,-1.56453
204.7462401,0.0311067,1.00029,0.999709,1.00029,0.999713,-1.56513,-1.56513,-1.56448,-1.56448
204.8236158,0.0325033,1.00029,0.99971,1.00029,0.999712,-1.56825,-1.56825,-1.5676,-1.5676
205.0116403,0.0350177,1.00048,0.999525,1.00048,0.999525,-1.57132,-1.57132,-1.57026,-1.57026
205.158936,0.0936911,1.00051,0.999488,1.00051,0.999488,-1.57134,-1.57134,-1.57019,-1.57019
205.2422618,0.0460073,1.00051,0.999488,1.00051,0.999488,-1.57136,-1.57136,-1.57021,-1.57021
205.3210964,0.0334345,1.00051,0.999488,1.00051,0.999488,-1.57136,-1.57136,-1.57021,-1.57021
205.3999923,0.0266358,1.00051,0.999488,1.00051,0.999488,-1.57136,-1.57136,-1.57021,-1.57021
205.4773659,0.0334345,1.00051,0.999488,1.00051,0.999488,-1.57136,-1.57136,-1.57021,-1.57021
205.5547099,0.0335276,1.00051,0.999488,1.00051,0.999488,-1.57136,-1.57136,-1.57021,-1.57021
205.6340699,0.0334345,1.00051,0.999488,1.00051,0.999488,-1.57136,-1.57136,-1.57021,-1.57021
205.7109812,0.0333413,1.00051,0.999488,1.00051,0.999488,-1.57136,-1.57136,-1.57021,-1.57021
205.8294971,0.0334345,1.00051,0.999488,1.00051,0.999488,-1.57136,-1.57136,-1.57021,-1.57021
205.9842479,0.053551,1.00051,0.999488,1.00051,0.999488,-1.57136,-1.57136,-1.5702,-1.5702
206.0785168,0.0603497,1.00051,0.999488,1.00051,0.999488,-1.57135,-1.57135,-1.5702,-1.5702
206.1583436,0.0404194,1.00051,0.999488,1.00051,0.999488,-1.57136,-1.57136,-1.57021,-1.57021
206.235719,0.0335276,1.00051,0.999488,1.00051,0.999488,-1.57136,-1.57136,-1.57021,-1.57021
206.3185501,0.0337139,1.00051,0.999488,1.00051,0.999488,-1.57136,-1.57136,-1.57021,-1.57021
206.394935,0.0337139,1.00051,0.999488,1.00051,0.999488,-1.57136,-1.57136,-1.57021,-1.57021
206.4737971,0.0337139,1.00051,0.999488,1.00051,0.999488,-1.57136,-1.57136,-1.57021,-1.57021
206.5517053,0.033807,1.00051,0.999488,1.00051,0.999488,-1.57136,-1.57136,-1.57021,-1.57021
206.629543,0.026729,1.00051,0.999488,1.00051,0.999488,-1.57136,-1.57136,-1.57021,-1.57021
206.7377036,0.0470318,1.00051,0.999488,1.00051,0.999488,-1.57136,-1.57136,-1.57021,-1.5702
206.8150744,0.0337139,1.00051,0.999488,1.00051,0.999488,-1.57136,-1.57136,-1.57021,-1.57021
206.9311118,0.0339001,1.00051,0.999488,1.00051,0.999488,-1.57136,-1.57136,-1.57021,-1.57021
207.0327913,0.0472184,1.00051,0.999486,1.00051,0.99949,-1.56741,-1.56741,-1.56626,-1.56626
207.1543104,0.0542968,1.00051,0.999485,1.00052,0.999491,-1.56621,-1.56621,-1.56506,-1.56505
207.2346615,0.0410865,1.0005,0.999473,1.00053,0.999504,-1.54417,-1.54414,-1.54302,-1.54299
207.3110761,0.0340014,1.0005,0.999475,1.00052,0.999501,-1.54946,-1.54944,-1.54831,-1.54828
207.3879261,0.034372,1.0005,0.999477,1.00052,0.999499,-1.5524,-1.55238,-1.55125,-1.55123
207.4702917,0.0350208,1.0005,0.99948,1.00052,0.999496,-1.55807,-1.55806,-1.55692,-1.5569
207.5783892,0.0347395,1.00051,0.999483,1.00052,0.999493,-1.56332,-1.56331,-1.56217,-1.56216
207.6815582,0.0558832,1.00051,0.999481,1.00052,0.999495,-1.55969,-1.55968,-1.55854,-1.55853
207.7822761,0.0344591,1.00051,0.999486,1.00051,0.99949,-1.56866,-1.56866,-1.56751,-1.5675
207.8616364,0.0406998,1.00051,0.999484,1.00052,0.999492,-1.5645,-1.56449,-1.56335,-1.56334
207.9608324,0.0339979,1.0005,0.999479,1.00052,0.999498,-1.55493,-1.55492,-1.55378,-1.55376
208.0530618,0.0481567,1.0005,0.999478,1.00052,0.999498,-1.55396,-1.55394,-1.55281,-1.55279
208.1324492,0.0341858,1.0005,0.999477,1.00052,0.999499,-1.5523,-1.55228,-1.55115,-1.55113
208.2088369,0.0341858,1.0005,0.999477,1.00052,0.999499,-1.5523,-1.55228,-1.55115,-1.55113
208.2911691,0.0340896,1.0005,0.99948,1.00052,0.999496,-1.55771,-1.55769,-1.55656,-1.55654
208.3685477,0.0344594,1.00051,0.999485,1.00052,0.999491,-1.56596,-1.56595,-1.56481,-1.5648
208.4454276,0.0343659,1.00051,0.999486,1.00051,0.99949,-1.56865,-1.56865,-1.5675,-1.5675
208.5257492,0.0342727,1.00051,0.999488,1.00051,0.999488,-1.57136,-1.57136,-1.57021,-1.57021
208.6041468,0.0344589,1.00051,0.999488,1.00051,0.999488,-1.57136,-1.57136,-1.57021,-1.57021
208.6804996,0.0343658,1.00051,0.999488,1.00051,0.999488,-1.57136,-1.57136,-1.57021,-1.57021
208.7593891,0.0275671,1.00051,0.999488,1.00051,0.999488,-1.57136,-1.57136,-1.57021,-1.57021
208.8828992,0.0344589,1.00051,0.999488,1.00051,0.999488,-1.57136,-1.57136,-1.57021,-1.57021
208.9607393,0.054948,1.00051,0.999488,1.00051,0.999488,-1.57135,-1.57136,-1.5702,-1.5702
209.0386451,0.0344621,1.0005,0.99948,1.00052,0.999496,-1.55786,-1.55784,-1.5567,-1.55669
209.116981,0.0342789,1.0005,0.999477,1.00052,0.999499,-1.55235,-1.55233,-1.5512,-1.55118
209.1958444,0.0275799,1.00049,0.999471,1.00053,0.999506,-1.54098,-1.54095,-1.53983,-1.5398
209.2727568,0.0348525,1.00049,0.999468,1.00053,0.999508,-1.53663,-1.5366,-1.53548,-1.53545
209.3501002,0.0347628,1.00049,0.999467,1.00053,0.99951,-1.53386,-1.53383,-1.53271,-1.53267
209.4299545,0.0349456,1.00049,0.999468,1.00053,0.999508,-1.53673,-1.53669,-1.53557,-1.53554
209.5068662,0.034937,1.0005,0.999473,1.00053,0.999504,-1.54471,-1.54469,-1.54356,-1.54353
209.5837469,0.0348439,1.0005,0.999473,1.00053,0.999504,-1.54464,-1.54462,-1.54349,-1.54346
209.6636022,0.027759,1.0005,0.999476,1.00052,0.9995,-1.55124,-1.55122,-1.55009,-1.55007
209.7399861,0.0338174,1.0005,0.999474,1.00053,0.999502,-1.54659,-1.54656,-1.54543,-1.54541
209.8773511,0.0330751,1.00068,0.99928,1.00072,0.999324,-1.54343,-1.54339,-1.54186,-1.54182
210.0286276,0.0704082,1.00166,0.99833,1.00167,0.99834,-1.57,-1.56999,-1.56625,-1.56624
210.1064977,0.0433996,1.0026,0.997406,1.0026,0.997406,-1.57367,-1.57368,-1.56784,-1.56782
210.1848974,0.0311062,1.00335,0.996664,1.00335,0.996664,-1.57449,-1.57452,-1.567,-1.56697
210.2622736,0.0319444,1.00399,0.996033,1.00399,0.996034,-1.57519,-1.57522,-1.56627,-1.56624
210.3391535,0.0336207,1.0041,0.995922,1.0041,0.995923,-1.57529,-1.57533,-1.56613,-1.56609
210.4160339,0.0346452,1.0041,0.995922,1.0041,0.995923,-1.57529,-1.57533,-1.56613,-1.56609
210.4933775,0.0282197,1.00407,0.995891,1.00413,0.995953,-1.56873,-1.56871,-1.55957,-1.55948
210.5727671,0.035112,1.00406,0.995885,1.00414,0.995959,-1.56736,-1.56733,-1.5582,-1.5581
210.6501457,0.0349246,1.0041,0.995922,1.0041,0.995923,-1.57529,-1.57533,-1.56613,-1.56609
210.7275189,0.0349246,1.0041,0.995922,1.0041,0.995923,-1.57529,-1.57533,-1.56613,-1.56609
210.8048968,0.0349246,1.0041,0.995922,1.0041,0.995923,-1.57529,-1.57533,-1.56613,-1.56609
210.9616039,0.0347383,1.0041,0.995922,1.0041,0.995923,-1.57529,-1.57533,-1.56613,-1.56609
211.0489274,0.0664964,1.00421,0.99581,1.00421,0.995812,-1.57533,-1.57537,-1.56592,-1.56588
211.1272908,0.0166707,1.00631,0.993738,1.00631,0.993739,-1.57778,-1.57787,-1.56372,-1.56364
213.126673,0.00512227,1.00609,0.99396,1.00609,0.993961,-1.57751,-1.57759,-1.56395,-1.56387
213.2799347,0.00507122,1.00612,0.993923,1.00612,0.993924,-1.57754,-1.57762,-1.56389,-1.56381
213.3632313,0.017602,1.00612,0.993923,1.00612,0.993924,-1.57755,-1.57763,-1.56391,-1.56382
213.4872596,0.0247732,1.00612,0.993923,1.00612,0.993924,-1.57752,-1.57761,-1.56388,-1.5638
213.6340494,0.0452623,1.00612,0.993922,1.00612,0.993925,-1.57745,-1.57753,-1.5638,-1.56372
213.7203531,0.0614673,1.00612,0.993922,1.00613,0.993925,-1.57738,-1.57747,-1.56374,-1.56366
213.7977584,0.0292864,1.00575,0.993558,1.00648,0.994307,-1.52374,-1.52316,-1.51012,-1.50937
213.8929607,0.0454658,1.00563,0.993456,1.00658,0.994421,-1.50815,-1.50738,-1.49454,-1.49361
213.9768141,0.0369791,1.00561,0.993435,1.00661,0.994445,-1.5048,-1.50399,-1.4912,-1.49022
214.058624,0.0439794,1.00562,0.993441,1.0066,0.994438,-1.50581,-1.50501,-1.4922,-1.49124
214.1404942,0.0372791,1.00556,0.99339,1.00665,0.994496,-1.49791,-1.49702,-1.48431,-1.48326
214.2168805,0.0373441,1.00563,0.993455,1.00659,0.994422,-1.508,-1.50723,-1.49439,-1.49345
214.2962066,0.0311418,1.00579,0.993599,1.00644,0.994262,-1.52992,-1.52941,-1.51629,-1.51562
214.3790697,0.0510378,1.00626,0.993686,1.00636,0.993792,-1.57038,-1.57037,-1.55632,-1.55614
214.4559201,0.0413508,1.00697,0.993055,1.00701,0.993093,-1.57617,-1.57625,-1.56063,-1.56048
214.533792,0.0315718,1.00759,0.992482,1.00759,0.992485,-1.57909,-1.57922,-1.56223,-1.5621
214.6136801,0.0392087,1.00853,0.99156,1.00853,0.991563,-1.58008,-1.58024,-1.56115,-1.56098
214.6900661,0.0393018,1.00947,0.990639,1.00947,0.990643,-1.58108,-1.58128,-1.5601,-1.55989
214.7679034,0.0399537,1.01018,0.989939,1.01019,0.989945,-1.58184,-1.58206,-1.55929,-1.55905
214.8626903,0.0405125,1.01052,0.989608,1.01053,0.989614,-1.58219,-1.58243,-1.5589,-1.55865
215.0228771,0.0615742,1.01027,0.989357,1.01078,0.98987,-1.56108,-1.56088,-1.5378,-1.53711
215.1062054,0.0804999,1.01018,0.989266,1.01087,0.989966,-1.55329,-1.55292,-1.53001,-1.52915
215.1890372,0.0442476,1.01028,0.98936,1.01077,0.989867,-1.56132,-1.56112,-1.53804,-1.53735
215.2773187,0.0445197,1.0104,0.989484,1.01065,0.98974,-1.5718,-1.57182,-1.54852,-1.54804
215.3551976,0.0529936,1.01044,0.989524,1.01061,0.989699,-1.57514,-1.57523,-1.55185,-1.55145
215.4335624,0.0432134,1.01052,0.989608,1.01053,0.989615,-1.58216,-1.5824,-1.55887,-1.55862
215.5109407,0.0346452,1.01052,0.989609,1.01053,0.989614,-1.58222,-1.58246,-1.55893,-1.55868
215.5873259,0.0425614,1.01052,0.989608,1.01053,0.989615,-1.58216,-1.58241,-1.55888,-1.55863
215.6661569,0.0421889,1.01052,0.989608,1.01053,0.989615,-1.58217,-1.58241,-1.55888,-1.55863
215.7445577,0.0419095,1.01052,0.989608,1.01053,0.989615,-1.58217,-1.58241,-1.55888,-1.55863
215.8209398,0.0423752,1.01052,0.989608,1.01053,0.989615,-1.58217,-1.58241,-1.55888,-1.55863
215.9300289,0.0425614,1.01052,0.989608,1.01053,0.989615,-1.58216,-1.58241,-1.55888,-1.55863
216.0074406,0.0515021,1.01052,0.989607,1.01053,0.989615,-1.58211,-1.58235,-1.55882,-1.55857
216.0852783,0.0433065,1.01052,0.989608,1.01053,0.989615,-1.58216,-1.5824,-1.55887,-1.55862
216.1636738,0.0434928,1.01052,0.989608,1.01053,0.989615,-1.58216,-1.5824,-1.55887,-1.55862
216.2405587,0.0434928,1.01052,0.989608,1.01053,0.989615,-1.58216,-1.5824,-1.55887,-1.55862
216.3238524,0.0433065,1.01052,0.989608,1.01053,0.989615,-1.58216,-1.5824,-1.55887,-1.55862
216.4325212,0.0434928,1.01052,0.989608,1.01053,0.989615,-1.58216,-1.5824,-1.55887,-1.55862
216.5673911,0.0702217,1.01052,0.989606,1.01053,0.989617,-1.58199,-1.58222,-1.5587,-1.55844
216.6552117,0.0705011,1.01052,0.989606,1.01053,0.989617,-1.58198,-1.58222,-1.5587,-1.55844
216.7330518,0.0440516,1.01052,0.989608,1.01053,0.989615,-1.58216,-1.5824,-1.55887,-1.55862
216.8377395,0.0531785,1.01052,0.989607,1.01053,0.989615,-1.5821,-1.58233,-1.55881,-1.55856
216.91558,0.0449844,1.01043,0.98951,1.01063,0.989714,-1.57395,-1.57402,-1.55067,-1.55024
216.9959333,0.0448922,1.0104,0.989485,1.01065,0.989739,-1.57188,-1.57191,-1.5486,-1.54813
217.073838,0.0453615,1.01033,0.989414,1.01072,0.989812,-1.56589,-1.56579,-1.54261,-1.54201
217.1502236,0.0451808,1.01026,0.989341,1.01079,0.989887,-1.55971,-1.55947,-1.53642,-1.5357
217.2285574,0.0451937,1.01013,0.989222,1.01091,0.990013,-1.54951,-1.54906,-1.52623,-1.52529
217.3064568,0.0451072,1.01008,0.989173,1.01096,0.990064,-1.54536,-1.54482,-1.52209,-1.52106
217.3872755,0.0451907,1.01016,0.989245,1.01089,0.989987,-1.55155,-1.55114,-1.52827,-1.52737
217.4666358,0.0449968,1.01023,0.989316,1.01082,0.989913,-1.55757,-1.55729,-1.53429,-1.53351
217.5435478,0.0448083,1.01025,0.989339,1.01079,0.989889,-1.55952,-1.55928,-1.53624,-1.53551
217.6208933,0.0355913,1.01018,0.989271,1.01086,0.989961,-1.55372,-1.55336,-1.53044,-1.52959
217.6987948,0.0441613,1.0102,0.989286,1.01085,0.989945,-1.55502,-1.55468,-1.53174,-1.53091
217.7751786,0.0438716,1.01032,0.989407,1.01073,0.989818,-1.56535,-1.56523,-1.54207,-1.54146
217.8530519,0.044054,1.0104,0.989483,1.01065,0.989741,-1.57169,-1.57171,-1.54841,-1.54794
217.9348911,0.0445176,1.01047,0.989558,1.01058,0.989665,-1.57801,-1.57816,-1.55472,-1.55438
218.0434833,0.0449829,1.01052,0.989608,1.01053,0.989615,-1.58215,-1.58239,-1.55886,-1.55861
218.1268123,0.0632369,1.01051,0.989589,1.01055,0.989634,-1.58057,-1.58078,-1.55729,-1.557
218.2037226,0.0451691,1.01052,0.989608,1.01053,0.989615,-1.58215,-1.58239,-1.55886,-1.55861
218.3266991,0.0453554,1.01052,0.989608,1.01053,0.989615,-1.58215,-1.58239,-1.55886,-1.55861
218.4080785,0.0720844,1.01052,0.989606,1.01053,0.989617,-1.58197,-1.58221,-1.55869,-1.55843
218.4859461,0.0355765,1.01052,0.989608,1.01053,0.989614,-1.58221,-1.58245,-1.55892,-1.55867
218.5658047,0.0451691,1.01052,0.989608,1.01053,0.989615,-1.58215,-1.58239,-1.55886,-1.55861
218.685341,0.0539236,1.01052,0.989607,1.01053,0.989615,-1.58209,-1.58233,-1.5588,-1.55855
218.852462,0.0910833,1.01052,0.989604,1.01053,0.989618,-1.58185,-1.58208,-1.55856,-1.5583
219.0176644,0.082422,1.01052,0.989605,1.01053,0.989618,-1.58191,-1.58214,-1.55862,-1.55836
219.1798476,0.102445,1.01052,0.989603,1.01053,0.989619,-1.58178,-1.58201,-1.55849,-1.55823
219.2666471,0.075536,1.01038,0.98946,1.01068,0.989765,-1.56975,-1.56973,-1.54646,-1.54595
219.3434995,0.0476201,1.01011,0.989196,1.01093,0.99004,-1.54728,-1.54679,-1.52401,-1.52302
219.4283141,0.0477973,1.01018,0.989265,1.01087,0.989967,-1.5532,-1.55283,-1.52992,-1.52906
219.506186,0.0481891,1.01004,0.989134,1.01099,0.990106,-1.54195,-1.54134,-1.51868,-1.51758
219.5825698,0.0494066,1.01001,0.989102,1.01103,0.990141,-1.5392,-1.53853,-1.51593,-1.51477
219.6778497,0.0503542,1.00993,0.989027,1.0111,0.990222,-1.53267,-1.53186,-1.50941,-1.50811
219.7879476,0.0696376,1.01,0.989091,1.01104,0.990152,-1.53829,-1.53761,-1.51503,-1.51385
219.8747135,0.0593606,1.01011,0.989203,1.01093,0.990033,-1.54789,-1.5474,-1.52461,-1.52364
219.9764219,0.0481786,1.01011,0.9892,1.01093,0.990035,-1.54768,-1.5472,-1.52441,-1.52343
220.062733,0.065507,1.01014,0.989223,1.01091,0.990011,-1.54965,-1.5492,-1.52637,-1.52543
220.143051,0.0465795,1.01024,0.989325,1.01081,0.989903,-1.55839,-1.55813,-1.53511,-1.53436
220.285401,0.0552529,1.01016,0.989251,1.01088,0.989981,-1.55205,-1.55165,-1.52877,-1.52789
220.3657824,0.0733164,1.01024,0.989322,1.01081,0.989907,-1.55808,-1.55781,-1.5348,-1.53404
220.4436557,0.0460187,1.01026,0.989346,1.01079,0.989882,-1.56011,-1.55988,-1.53683,-1.53611
220.5284424,0.0456591,1.01014,0.989225,1.0109,0.990008,-1.54984,-1.5494,-1.52656,-1.52563
220.605321,0.0453692,1.01023,0.989318,1.01081,0.989911,-1.55777,-1.55749,-1.53449,-1.53372
220.6827285,0.0455532,1.01026,0.989343,1.01079,0.989885,-1.55989,-1.55966,-1.53661,-1.53588
220.7610955,0.0449891,1.01033,0.989412,1.01072,0.989813,-1.56576,-1.56565,-1.54248,-1.54188
220.8379737,0.0361364,1.01043,0.989517,1.01062,0.989706,-1.57456,-1.57463,-1.55127,-1.55086
220.9436194,0.0451715,1.0104,0.989486,1.01065,0.989738,-1.57195,-1.57197,-1.54866,-1.54819
221.0219941,0.0631439,1.01049,0.989571,1.01057,0.989651,-1.57911,-1.57929,-1.55583,-1.55551
221.101986,0.045076,1.01052,0.989608,1.01053,0.989615,-1.58215,-1.58239,-1.55886,-1.55861
221.1813459,0.0451691,1.01052,0.989608,1.01053,0.989615,-1.58215,-1.58239,-1.55886,-1.55861
221.2587544,0.0426546,1.01052,0.989608,1.01053,0.989615,-1.58216,-1.5824,-1.55888,-1.55862
221.3351376,0.0141589,1.01203,0.988663,1.01152,0.98814,-1.6032,-1.60397,-1.57721,-1.57737
222.7900834,0.00307336,0.987221,1.01242,0.987786,1.01297,-1.57635,-1.57621,-1.60506,-1.6042
222.8674598,0.0158547,0.988275,1.01342,0.986761,1.01194,-1.50303,-1.50472,-1.5317,-1.53268
222.9443391,0.0234739,0.987785,1.01297,0.987221,1.01242,-1.53654,-1.53739,-1.56525,-1.56539
223.0246917,0.0205736,0.988784,1.014,0.986174,1.01145,-1.46478,-1.46742,-1.49354,-1.49547
223.1035558,0.00186265,0.988784,1.014,0.986174,1.01145,-1.46479,-1.46744,-1.49355,-1.49549
223.4041299,0.0028871,0.988784,1.014,0.986175,1.01145,-1.46482,-1.46746,-1.49358,-1.49551
223.4829954,0.00772998,0.988783,1.01399,0.986176,1.01145,-1.46488,-1.46752,-1.49364,-1.49557
223.6179338,0.00875443,0.988782,1.01399,0.986176,1.01145,-1.46495,-1.46759,-1.49371,-1.49564
223.7071945,0.0200234,0.987425,1.01277,0.98743,1.01278,-1.55652,-1.55687,-1.5854,-1.58503
223.7860815,0.0164844,0.987426,1.01277,0.987429,1.01278,-1.55649,-1.55684,-1.58537,-1.58501
223.8694091,0.0170432,0.987426,1.01277,0.98743,1.01278,-1.55649,-1.55685,-1.58537,-1.58501
223.9477747,0.0191852,0.987425,1.01277,0.98743,1.01278,-1.55651,-1.55687,-1.58539,-1.58503
224.024131,0.0165775,0.987426,1.01277,0.98743,1.01278,-1.55649,-1.55685,-1.58537,-1.58501
224.134243,0.0198372,0.987425,1.01277,0.98743,1.01278,-1.55651,-1.55687,-1.5854,-1.58503
224.2126092,0.0272878,0.987424,1.01277,0.987431,1.01278,-1.55657,-1.55693,-1.58546,-1.58509
224.2895206,0.0187196,0.987425,1.01277,0.98743,1.01278,-1.5565,-1.55686,-1.58539,-1.58502
224.3688809,0.00437821,0.988379,1.01179,0.988383,1.01179,-1.55766,-1.55796,-1.58431,-1.58399
