Time, Center Speed, Front Right Speed, Back Right Speed, Front Left Speed, Back Left Speed, Front Right Angle,
	Back Right Angle, Front Left Angle, Back Left Angle
0.0615024, 0.00102445, 1.00803, 0.992035, 1.00805, 0.992046, -1.57912, -1.57926, -1.56127, -1.56111
0.1299517, 0.00121072, 1.00803, 0.992035, 1.00805, 0.992046, -1.57912, -1.57925, -1.56126, -1.56111
0.1959521, 0.00111759, 1.00803, 0.992035, 1.00805, 0.992046, -1.57911, -1.57924, -1.56125, -1.5611
0.2678628, 0.00102445, 1.00803, 0.992035, 1.00805, 0.992046, -1.57911, -1.57924, -1.56125, -1.5611
0.3402551, 0.00139698, 1.00803, 0.992035, 1.00805, 0.992047, -1.5791, -1.57923, -1.56124, -1.56109
0.4166697, 0.00102445, 1.00803, 0.992035, 1.00805, 0.992047, -1.57909, -1.57923, -1.56124, -1.56108
0.4900465, 0.00111759, 1.00803, 0.992035, 1.00805, 0.992047, -1.57909, -1.57922, -1.56123, -1.56108
0.5649610, 0.00130385, 1.00803, 0.992035, 1.00805, 0.992047, -1.57908, -1.57922, -1.56122, -1.56107
0.6398400, 0.00139698, 1.00803, 0.992035, 1.00805, 0.992047, -1.57907, -1.57921, -1.56122, -1.56106
0.7851680, 0.00102445, 1.00803, 0.992035, 1.00805, 0.992047, -1.57907, -1.5792, -1.56121, -1.56105
0.8724622, 0.00111759, 1.00803, 0.992035, 1.00805, 0.992047, -1.57906, -1.57919, -1.5612, -1.56105
0.9389263, 0.00139698, 1.00803, 0.992035, 1.00805, 0.992047, -1.57905, -1.57919, -1.5612, -1.56104
1.0123662, 0.00130385, 1.00803, 0.992035, 1.00805, 0.992047, -1.57905, -1.57918, -1.56119, -1.56103
1.0887502, 0.00121072, 1.00803, 0.992035, 1.00805, 0.992047, -1.57904, -1.57917, -1.56118, -1.56103
1.2360549, 0.00111759, 1.00803, 0.992034, 1.00805, 0.992047, -1.57903, -1.57916, -1.56117, -1.56102
1.3099663, 0.00111759, 1.00803, 0.992034, 1.00805, 0.992047, -1.57902, -1.57916, -1.56117, -1.56101
1.3823505, 0.00121072, 1.00803, 0.992034, 1.00805, 0.992047, -1.57902, -1.57915, -1.56116, -1.56101
1.4547664, 0.00102445, 1.00803, 0.992034, 1.00805, 0.992047, -1.57901, -1.57915, -1.56116, -1.561
1.6194383, 0.00158325, 1.00803, 0.992034, 1.00805, 0.992047, -1.579, -1.57913, -1.56114, -1.56099
1.7628138, 0.00139698, 1.00803, 0.992034, 1.00805, 0.992048, -1.57899, -1.57912, -1.56113, -1.56098
1.8347026, 0.00102445, 1.00803, 0.992034, 1.00805, 0.992048, -1.57898, -1.57912, -1.56113, -1.56097
1.9076393, 0.00121072, 1.00803, 0.992034, 1.00805, 0.992048, -1.57898, -1.57911, -1.56112, -1.56097
1.9864799, 0.00130385, 1.00803, 0.992034, 1.00805, 0.992048, -1.57897, -1.5791, -1.56112, -1.56096
2.0613991, 0.00102445, 1.00803, 0.992034, 1.00805, 0.992048, -1.57897, -1.5791, -1.56111, -1.56095
2.1352801, 0.00111759, 1.00803, 0.992034, 1.00805, 0.992048, -1.57896, -1.57909, -1.5611, -1.56095
2.2096802, 0.00121072, 1.00803, 0.992034, 1.00805, 0.992048, -1.57896, -1.57909, -1.5611, -1.56094
2.3555368, 0.00102445, 1.00803, 0.992034, 1.00805, 0.992048, -1.57895, -1.57908, -1.56109, -1.56093
2.5028147, 0.00102445, 1.00803, 0.992034, 1.00805, 0.992048, -1.57894, -1.57907, -1.56108, -1.56092
2.5747352, 0.00121072, 1.00803, 0.992034, 1.00805, 0.992048, -1.57893, -1.57906, -1.56107, -1.56092
2.6471825, 0.00111759, 1.00803, 0.992034, 1.00805, 0.992048, -1.57893, -1.57906, -1.56107, -1.56091
2.7200643, 0.00102445, 1.00803, 0.992033, 1.00805, 0.992048, -1.57892, -1.57905, -1.56106, -1.56091
2.7954866, 0.00102445, 1.00803, 0.992033, 1.00805, 0.992048, -1.57891, -1.57905, -1.56106, -1.5609
2.9432942, 0.00130385, 12.6533, 11.3256, 12.7957, 11.4845, -2.35085, 2.47474, -0.779555, 0.656011
3.0151844, 0.00102445, 12.614, 11.2906, 12.8267, 11.5276, -2.34841, 2.47158, -0.776489, 0.653818
3.1624965, 0.00139698, 12.5312, 11.2264, 12.8828, 11.6176, -2.34395, 2.46477, -0.770055, 0.650052
3.3083503, 0.00121072, 12.4434, 11.1709, 12.931, 11.7116, -2.34012, 2.45735, -0.763271, 0.647131
3.3817299, 0.00102445, 12.3979, 11.1465, 12.952, 11.7598, -2.33846, 2.45344, -0.759764, 0.645992
3.4546744, 0.00102445, 12.3514, 11.1245, 12.9709, 11.8086, -2.33697, 2.44941, -0.756192, 0.645068
3.5275709, 0.00102445, 12.3041, 11.105, 12.9876, 11.8579, -2.33566, 2.44526, -0.752561, 0.644357
3.6004431, 0.00102445, 12.2561, 11.0881, 13.0021, 11.9075, -2.33453, 2.44103, -0.748878, 0.643861
3.6733862, 0.00121072, 12.2074, 11.0737, 13.0144, 11.9574, -2.33359, 2.4367, -0.745152, 0.643577
3.8182184, 0.00111759, 12.1087, 11.0528, 13.0321, 12.0574, -2.3323, 2.42787, -0.737598, 0.643638
3.9659960, 0.00121072, 12.0089, 11.0426, 13.0407, 12.1568, -2.33181, 2.41887, -0.729958, 0.644518
4.0389402, 0.00139698, 11.9589, 11.0416, 13.0416, 12.2059, -2.33188, 2.41434, -0.726124, 0.645257
4.1133117, 0.00111759, 11.909, 11.0434, 13.0401, 12.2546, -2.33216, 2.40981, -0.722292, 0.64619
4.1857224, 0.00102445, 11.8593, 11.0478, 13.0363, 12.3027, -2.33265, 2.4053, -0.718468, 0.647312
4.4054518, 0.00130385, 11.713, 11.0773, 13.0113, 12.4421, -2.3354, 2.39202, -0.707122, 0.651764
4.4798819, 0.00102445, 11.6656, 11.0924, 12.9984, 12.4866, -2.33675, 2.38772, -0.703407, 0.653593
4.6261704, 0.00121072, 11.5734, 11.1302, 12.966, 12.572, -2.34008, 2.37939, -0.696122, 0.657731
4.6996139, 0.00102445, 11.5289, 11.1529, 12.9466, 12.6128, -2.34206, 2.37539, -0.692566, 0.660029
4.7725221, 0.00111759, 11.4857, 11.1778, 12.925, 12.6522, -2.34425, 2.37151, -0.689079, 0.66247
4.9168271, 0.00121072, 11.4036, 11.2346, 12.8757, 12.7263, -2.34923, 2.36417, -0.682338, 0.667758
4.9902660, 0.00102445, 11.3649, 11.2662, 12.848, 12.7609, -2.35201, 2.36073, -0.679099, 0.670591
5.0666506, 0.00111759, 11.3279, 11.2998, 12.8185, 12.7937, -2.35497, 2.35745, -0.675957, 0.673541
5.1415461, 0.00111759, 11.2927, 11.3354, 12.7871, 12.8248, -2.35811, 2.35434, -0.67292, 0.676601
5.2144272, 0.00130385, 11.2595, 11.3728, 12.7538, 12.8539, -2.36143, 2.35141, -0.669993, 0.679764
5.2868752, 0.00102445, 11.2283, 11.4118, 12.7189, 12.8812, -2.3649, 2.34867, -0.667185, 0.683022
5.3612675, 0.00121072, 11.1993, 11.4525, 12.6823, 12.9064, -2.36853, 2.34613, -0.664503, 0.686369
5.4346507, 0.00102445, 11.1725, 11.4946, 12.6441, 12.9297, -2.37231, 2.34378, -0.661952, 0.689797
5.5077976, 0.00149012, 11.148, 11.5381, 12.6045, 12.9508, -2.37621, 2.34163, -0.65954, 0.693299
5.5811761, 0.00111759, 11.1258, 11.5828, 12.5634, 12.9698, -2.38024, 2.3397, -0.657273, 0.696868
5.6556059, 0.00130385, 11.1062, 11.6286, 12.521, 12.9866, -2.38438, 2.33797, -0.655157, 0.700495
5.7295098, 0.00130385, 11.089, 11.6754, 12.4774, 13.0013, -2.38861, 2.33645, -0.653199, 0.704175
5.8762962, 0.00139698, 11.0625, 11.7713, 12.3869, 13.0238, -2.39731, 2.33406, -0.649781, 0.711659
5.9537031, 0.00111759, 11.0533, 11.8202, 12.3403, 13.0317, -2.40175, 2.33319, -0.648332, 0.715449
6.1034871, 0.00121072, 11.0428, 11.9193, 12.2446, 13.0406, -2.41075, 2.33208, -0.64598, 0.723087
6.1773995, 0.00121072, 11.0416, 11.9693, 12.1958, 13.0416, -2.41528, 2.33185, -0.645087, 0.726921
6.2513028, 0.00102445, 11.0432, 12.0193, 12.1465, 13.0403, -2.41981, 2.33182, -0.644389, 0.730754
6.3257047, 0.00102445, 11.0474, 12.0692, 12.0969, 13.0366, -2.42432, 2.33201, -0.64389, 0.734578
6.3991100, 0.00121072, 11.0544, 12.119, 12.047, 13.0307, -2.4288, 2.3324, -0.643593, 0.738388
6.5469180, 0.00130385, 11.0764, 12.2176, 11.947, 13.012, -2.43761, 2.33377, -0.643619, 0.745929
6.6213188, 0.00111759, 11.0914, 12.2661, 11.8972, 12.9993, -2.44191, 2.33475, -0.643947, 0.749647
6.6947287, 0.00130385, 11.1089, 12.314, 11.8476, 12.9843, -2.44613, 2.33591, -0.644487, 0.75332
6.7696225, 0.00121072, 11.1289, 12.3612, 11.7984, 12.9672, -2.45025, 2.33726, -0.645242, 0.756939
6.8420388, 0.00102445, 11.1514, 12.4074, 11.7497, 12.9479, -2.45426, 2.33879, -0.646211, 0.760498
6.9194164, 0.00121072, 11.1762, 12.4527, 11.7017, 12.9264, -2.45815, 2.34049, -0.647395, 0.76399
6.9938147, 0.00111759, 11.2034, 12.497, 11.6544, 12.9029, -2.4619, 2.34236, -0.648793, 0.767407
7.1416230, 0.00121072, 11.2642, 12.5819, 11.5627, 12.8498, -2.46896, 2.34657, -0.652226, 0.773986
7.2155270, 0.00121072, 11.2977, 12.6223, 11.5186, 12.8204, -2.47225, 2.3489, -0.654257, 0.777134
7.3638303, 0.00121072, 11.3704, 12.6988, 11.4342, 12.756, -2.47831, 2.35399, -0.658929, 0.783112
7.4387297, 0.00130385, 11.4093, 12.7347, 11.3942, 12.7211, -2.48106, 2.35673, -0.661562, 0.785928
7.7517028, 0.00149012, 11.58, 12.8606, 11.2519, 12.566, -2.49009, 2.36884, -0.673931, 0.795875
7.8975262, 0.00111759, 11.6724, 12.9121, 11.1927, 12.4802, -2.49336, 2.37548, -0.68111, 0.799968
7.9719264, 0.00111759, 11.72, 12.9349, 11.1664, 12.4355, -2.49468, 2.37893, -0.684915, 0.801772
8.0468226, 0.00139698, 11.7683, 12.9555, 11.1425, 12.3898, -2.49578, 2.38245, -0.688851, 0.803407
8.1212234, 0.00130385, 11.8172, 12.974, 11.1209, 12.3432, -2.49666, 2.38603, -0.692905, 0.804867
8.1941340, 0.00102445, 11.8665, 12.9903, 11.1019, 12.2957, -2.49734, 2.38967, -0.697065, 0.806147
8.2675108, 0.00130385, 11.9162, 13.0044, 11.0854, 12.2476, -2.4978, 2.39336, -0.701318, 0.807242
8.3414487, 0.00102445, 11.9661, 13.0163, 11.0714, 12.1988, -2.49804, 2.3971, -0.705652, 0.808147
8.4158466, 0.00130385, 12.0161, 13.0259, 11.0601, 12.1496, -2.49808, 2.40087, -0.710054, 0.808858
8.5636567, 0.00111759, 12.1159, 13.0383, 11.0455, 12.0501, -2.49754, 2.40848, -0.719001, 0.809679
8.6380543, 0.00121072, 12.1654, 13.041, 11.0422, 12.0001, -2.49696, 2.41231, -0.723519, 0.809784
8.7114632, 0.00102445, 12.2145, 13.0415, 11.0417, 11.9501, -2.49619, 2.41614, -0.728047, 0.809679
8.7853598, 0.00111759, 12.2631, 13.0396, 11.0439, 11.9003, -2.49522, 2.41997, -0.732571, 0.809365
8.9331751, 0.00111759, 12.3582, 13.029, 11.0565, 11.8014, -2.49273, 2.4276, -0.741546, 0.808096
9.0829669, 0.00111759, 12.4499, 13.0092, 11.0798, 11.7047, -2.48952, 2.43512, -0.75033, 0.80597
9.1603357, 0.00111759, 12.4943, 12.9959, 11.0953, 11.6573, -2.48766, 2.43883, -0.754616, 0.804585
9.2352393, 0.00130385, 12.5374, 12.9804, 11.1134, 11.6109, -2.48564, 2.44249, -0.758813, 0.802987
9.3081517, 0.00121072, 12.5793, 12.9628, 11.134, 11.5655, -2.48347, 2.4461, -0.762908, 0.801178
9.4544706, 0.00111759, 12.6589, 12.921, 11.1825, 11.4783, -2.47868, 2.45312, -0.770746, 0.796938
9.6017827, 0.00111759, 12.7325, 12.871, 11.24, 11.3967, -2.47335, 2.45983, -0.778038, 0.791893
9.7490945, 0.00111759, 12.7993, 12.8131, 11.3059, 11.3216, -2.46752, 2.46617, -0.784703, 0.786085
9.8229996, 0.00130385, 12.83, 12.7814, 11.3418, 11.2867, -2.46444, 2.46919, -0.787779, 0.782911
9.9688163, 0.00121072, 12.8858, 12.7126, 11.4188, 11.2231, -2.45799, 2.47489, -0.793379, 0.776064
10.1176239, 0.00130385, 12.9335, 12.6373, 11.5021, 11.168, -2.45119, 2.48007, -0.798203, 0.768611
10.1919922, 0.00111759, 12.9543, 12.5974, 11.5458, 11.1439, -2.44767, 2.48246, -0.800312, 0.764684
10.2649350, 0.00111759, 12.9729, 12.5561, 11.5907, 11.1222, -2.44409, 2.4847, -0.802214, 0.760637
10.4151915, 0.00121072, 13.0036, 12.4697, 11.6836, 11.0863, -2.43677, 2.48872, -0.805384, 0.752235
10.4930885, 0.00121072, 13.0156, 12.4248, 11.7314, 11.0722, -2.43304, 2.49048, -0.806649, 0.747905
10.5674886, 0.00102445, 13.0254, 12.3788, 11.7798, 11.0607, -2.42927, 2.49208, -0.8077, 0.743508
10.7143131, 0.00139698, 13.0381, 12.2844, 11.8783, 11.0458, -2.42166, 2.49473, -0.809158, 0.734565
10.8596400, 0.00130385, 13.0415, 12.1872, 11.978, 11.0417, -2.414, 2.49664, -0.809763, 0.725521
11.0828400, 0.00111759, 13.0294, 12.0382, 12.1277, 11.0559, -2.40254, 2.49803, -0.809109, 0.712017
11.1587295, 0.00111759, 13.0208, 11.9882, 12.1771, 11.0661, -2.39876, 2.49809, -0.808486, 0.707591
11.2331268, 0.00139698, 13.0099, 11.9383, 12.2261, 11.0789, -2.39501, 2.49793, -0.807666, 0.703225
11.3169633, 0.00121072, 12.9968, 11.8885, 12.2745, 11.0943, -2.3913, 2.49757, -0.806655, 0.698934
11.4012719, 0.00139698, 12.9815, 11.8389, 12.3223, 11.1122, -2.38764, 2.49699, -0.805456, 0.694731
11.5530468, 0.00130385, 12.9443, 11.7412, 12.4154, 11.1556, -2.38048, 2.49519, -0.802516, 0.68664
11.6269536, 0.00130385, 12.9224, 11.6933, 12.4606, 11.1808, -2.377, 2.49397, -0.800786, 0.682776
11.7727749, 0.00111759, 12.8727, 11.6, 12.5475, 11.2381, -2.37028, 2.49088, -0.796833, 0.675466
11.9185990, 0.00111759, 12.815, 11.511, 12.6292, 11.3038, -2.36392, 2.48696, -0.792265, 0.66878
11.9924723, 0.00111759, 12.7834, 11.4683, 12.668, 11.3395, -2.36089, 2.48469, -0.789767, 0.665693
12.0683918, 0.00102445, 12.75, 11.4271, 12.7052, 11.3771, -2.35798, 2.48222, -0.787133, 0.662787
12.1432870, 0.00111759, 12.7149, 11.3874, 12.7408, 11.4163, -2.35518, 2.47955, -0.784372, 0.660069
12.2930791, 0.00102445, 12.6397, 11.3131, 12.8068, 11.4994, -2.34998, 2.47365, -0.778493, 0.65522
12.3664873, 0.00130385, 12.5999, 11.2788, 12.837, 11.5431, -2.34758, 2.47044, -0.77539, 0.653098
12.4403613, 0.00121072, 12.5587, 11.2464, 12.8654, 11.5879, -2.34533, 2.46706, -0.772187, 0.651184
12.5152879, 0.00102445, 12.5162, 11.2161, 12.8919, 11.6338, -2.34324, 2.46352, -0.768891, 0.649479
12.6630958, 0.00121072, 12.4276, 11.1621, 12.9386, 11.7284, -2.33952, 2.456, -0.762051, 0.646708
12.8113995, 0.00130385, 12.335, 11.1174, 12.977, 11.8258, -2.33649, 2.44797, -0.754927, 0.644795
12.8892711, 0.00111759, 12.2874, 11.0988, 12.9929, 11.8752, -2.33524, 2.44379, -0.751277, 0.644159
12.9616871, 0.00102445, 12.2391, 11.0827, 13.0067, 11.925, -2.33418, 2.43952, -0.747578, 0.643738
13.0385671, 0.00130385, 12.1902, 11.0692, 13.0181, 11.9749, -2.33331, 2.43517, -0.743838, 0.643527
13.1119460, 0.00102445, 12.1409, 11.0584, 13.0274, 12.0249, -2.33263, 2.43076, -0.740065, 0.643527
13.2047270, 0.00121072, 12.0913, 11.0502, 13.0343, 12.0748, -2.33215, 2.4263, -0.736265, 0.643733
13.2786313, 0.00139698, 12.0414, 11.0447, 13.0389, 12.1246, -2.33188, 2.4218, -0.732446, 0.644144
13.3515444, 0.00121072, 11.9914, 11.042, 13.0413, 12.174, -2.33181, 2.41728, -0.728616, 0.644754
13.4983605, 0.00130385, 11.8916, 11.0446, 13.039, 12.2715, -2.3323, 2.40823, -0.720951, 0.646561
13.6451455, 0.00121072, 11.7929, 11.0581, 13.0276, 12.3664, -2.33365, 2.39927, -0.713332, 0.649119
13.7185766, 0.00102445, 11.7443, 11.0689, 13.0184, 12.4126, -2.33464, 2.39486, -0.709557, 0.650666
13.7914957, 0.00121072, 11.6963, 11.0823, 13.007, 12.4578, -2.33585, 2.39051, -0.705816, 0.652386
13.8649060, 0.00111759, 11.6491, 11.0983, 12.9934, 12.5019, -2.33727, 2.38624, -0.702116, 0.654272
13.9393036, 0.00111759, 11.6029, 11.1168, 12.9775, 12.5448, -2.33891, 2.38205, -0.698465, 0.656318
14.0127125, 0.00130385, 11.5577, 11.1379, 12.9595, 12.5865, -2.34075, 2.37798, -0.694869, 0.658519
14.0876073, 0.00102445, 11.5137, 11.1613, 12.9393, 12.6268, -2.34281, 2.37402, -0.691337, 0.660868
14.2359114, 0.00111759, 11.4296, 11.2152, 12.8926, 12.7029, -2.34752, 2.36649, -0.684492, 0.665983
14.3088235, 0.00102445, 11.3898, 11.2454, 12.8662, 12.7386, -2.35018, 2.36295, -0.681193, 0.668737
14.3827278, 0.00130385, 11.3517, 11.2778, 12.8379, 12.7726, -2.35302, 2.35956, -0.677987, 0.671612
14.4571282, 0.00121072, 11.3153, 11.3121, 12.8077, 12.8048, -2.35605, 2.35634, -0.674881, 0.674601
14.5310319, 0.00102445, 11.2808, 11.3483, 12.7756, 12.8352, -2.35926, 2.35329, -0.671882, 0.677698
14.6044397, 0.00130385, 11.2483, 11.3863, 12.7418, 12.8637, -2.36263, 2.35043, -0.668996, 0.680895
14.7525167, 0.00102445, 11.1896, 11.4671, 12.6691, 12.9148, -2.36984, 2.34528, -0.663594, 0.687561
14.8259175, 0.00130385, 11.1636, 11.5097, 12.6304, 12.9373, -2.37366, 2.34301, -0.661091, 0.691016
14.9747247, 0.00102445, 0.989329, 0.993286, 1.00681, 1.0107, 0.242131, 0.25777, 0.237844, 0.25323
15.0516044, 0.00111759, 0.989329, 0.993287, 1.00681, 1.0107, 0.242137, 0.257776, 0.23785, 0.253236
15.3467284, 0.00111759, 0.989328, 0.993287, 1.00681, 1.0107, 0.242156, 0.257795, 0.237869, 0.253254
15.5788527, 0.00130385, 12.8903, 12.7062, 11.4259, 11.2179, -2.4574, 2.47536, -0.793836, 0.77543
15.6616680, 0.00102445, 12.8637, 12.7417, 11.3863, 11.2483, -2.46069, 2.4726, -0.791164, 0.778961
15.7370445, 0.00111759, 12.8353, 12.7756, 11.3483, 11.2808, -2.46389, 2.46972, -0.788304, 0.782332
15.8173986, 0.00111759, 12.8049, 12.8076, 11.3122, 11.3153, -2.46699, 2.46672, -0.78526, 0.785536
15.9667245, 0.00121072, 12.7387, 12.8662, 11.2455, 11.3897, -2.47285, 2.46041, -0.778655, 0.791408
16.0406292, 0.00130385, 12.703, 12.8925, 11.2153, 11.4295, -2.4756, 2.45711, -0.775111, 0.794062
16.2087726, 0.00158325, 12.6269, 12.9392, 11.1614, 11.5135, -2.48072, 2.45027, -0.767586, 0.79878
16.2925985, 0.00102445, 12.5866, 12.9594, 11.138, 11.5576, -2.48307, 2.44673, -0.763627, 0.800834
16.3848227, 0.00121072, 12.545, 12.9774, 11.1169, 11.6027, -2.48527, 2.44314, -0.759552, 0.80268
16.4607091, 0.00111759, 12.5021, 12.9933, 11.0984, 11.649, -2.48731, 2.43949, -0.755373, 0.804315
16.5356363, 0.00111759, 12.458, 13.007, 11.0823, 11.6961, -2.4892, 2.43579, -0.751103, 0.805738
16.6109970, 0.00121072, 12.4128, 13.0184, 11.0689, 11.7441, -2.49092, 2.43205, -0.746755, 0.806946
16.7027589, 0.00102445, 12.3666, 13.0276, 11.0581, 11.7927, -2.49247, 2.42828, -0.742343, 0.807941
16.7796372, 0.00102445, 12.3196, 13.0344, 11.05, 11.8418, -2.49384, 2.42448, -0.737881, 0.80872
16.8540687, 0.00102445, 12.2718, 13.039, 11.0446, 11.8913, -2.49503, 2.42066, -0.733382, 0.809286
16.9304455, 0.00102445, 12.2233, 13.0413, 11.0419, 11.9411, -2.49603, 2.41683, -0.728862, 0.809638
17.0043590, 0.00121072, 12.1743, 13.0413, 11.0419, 11.9911, -2.49683, 2.413, -0.724335, 0.80978
17.0787570, 0.00121072, 12.1249, 13.039, 11.0447, 12.0411, -2.49745, 2.40917, -0.719815, 0.809713
17.1541490, 0.00111759, 12.0751, 13.0343, 11.0502, 12.091, -2.49786, 2.40535, -0.715318, 0.809441
17.3039337, 0.00121072, 11.9752, 13.0182, 11.0692, 12.1899, -2.49807, 2.39778, -0.706445, 0.80829
17.3783091, 0.00130385, 11.9253, 13.0067, 11.0826, 12.2388, -2.49786, 2.39404, -0.702099, 0.807421
17.4527438, 0.00102445, 11.8755, 12.993, 11.0987, 12.2871, -2.49744, 2.39034, -0.69783, 0.80636
17.5261485, 0.00111759, 11.8261, 12.9771, 11.1173, 12.3346, -2.4968, 2.38669, -0.693653, 0.805114
17.6000285, 0.00102445, 11.7771, 12.959, 11.1384, 12.3814, -2.49596, 2.3831, -0.68958, 0.803686
17.8286788, 0.00139698, 11.6342, 12.8921, 11.2158, 12.5158, -2.49213, 2.37273, -0.678104, 0.798371
17.9026128, 0.00111759, 11.5882, 12.8656, 11.2461, 12.5584, -2.49042, 2.36943, -0.674563, 0.796275
17.9775132, 0.00111759, 11.5434, 12.8373, 11.2785, 12.5996, -2.48851, 2.36623, -0.67118, 0.794027
18.0503907, 0.00111759, 11.4998, 12.807, 11.3128, 12.6394, -2.48639, 2.36312, -0.667964, 0.791632
18.1272736, 0.00102445, 11.4575, 12.7749, 11.3491, 12.6778, -2.48407, 2.36013, -0.664924, 0.789098
18.2017008, 0.00130385, 11.4167, 12.7411, 11.3871, 12.7145, -2.48155, 2.35725, -0.662067, 0.786432
18.4263888, 0.00121072, 11.3041, 12.6296, 11.5105, 12.8147, -2.47284, 2.34935, -0.654654, 0.777704
18.5925533, 0.00149012, 11.2384, 12.5479, 11.5996, 12.8724, -2.46616, 2.34478, -0.650725, 0.771348
18.6708872, 0.00102445, 11.2086, 12.5051, 11.6458, 12.8983, -2.46258, 2.34272, -0.649075, 0.76803
18.7452856, 0.00121072, 11.1811, 12.461, 11.6928, 12.9222, -2.45886, 2.34083, -0.647638, 0.764629
18.8935893, 0.00121072, 11.1329, 12.3698, 11.7893, 12.9637, -2.45101, 2.33753, -0.645406, 0.757605
19.1178129, 0.00149012, 11.079, 12.2267, 11.9377, 13.0098, -2.43842, 2.33394, -0.643664, 0.746626
19.1917179, 0.00130385, 11.0662, 12.1777, 11.9877, 13.0207, -2.43405, 2.33312, -0.643507, 0.742877
19.3394952, 0.00111759, 11.0485, 12.0785, 12.0875, 13.0357, -2.42516, 2.33206, -0.643819, 0.735293
19.4868073, 0.00102445, 11.0417, 11.9786, 12.1866, 13.0415, -2.41613, 2.33183, -0.644941, 0.72764
19.5617029, 0.00121072, 11.0423, 11.9287, 12.2354, 13.041, -2.4116, 2.33202, -0.645798, 0.723807
19.7100372, 0.00130385, 11.0518, 11.8295, 12.3314, 13.0329, -2.4026, 2.33305, -0.648079, 0.716165
19.7853993, 0.00121072, 11.0606, 11.7805, 12.3782, 13.0255, -2.39814, 2.33388, -0.649495, 0.712371
19.9327414, 0.00111759, 11.0861, 11.6843, 12.4691, 13.0038, -2.38942, 2.33619, -0.652848, 0.704875
20.0066454, 0.00102445, 11.1028, 11.6374, 12.5129, 12.9896, -2.38517, 2.33767, -0.654775, 0.701188
20.0810138, 0.00111759, 11.1219, 11.5914, 12.5555, 12.9732, -2.38101, 2.33935, -0.65686, 0.69755
20.1569329, 0.00139698, 11.1436, 11.5465, 12.5968, 12.9546, -2.37697, 2.34125, -0.659098, 0.693971
20.3810955, 0.00111759, 11.2226, 11.4194, 12.7121, 12.8861, -2.36558, 2.34817, -0.666665, 0.683653
20.4559896, 0.00111759, 11.2534, 11.3801, 12.7473, 12.8593, -2.36208, 2.35088, -0.669449, 0.680377
20.6028371, 0.00111759, 11.321, 11.3065, 12.8126, 12.7998, -2.35556, 2.35684, -0.675369, 0.674117
20.7595771, 0.00139698, 11.396, 11.2405, 12.8706, 12.733, -2.34974, 2.3635, -0.681711, 0.668291
20.8329829, 0.00139698, 11.4361, 11.2106, 12.8966, 12.6971, -2.34712, 2.36707, -0.685023, 0.665558
20.9068537, 0.00121072, 11.4776, 11.1829, 12.9206, 12.6596, -2.34469, 2.37078, -0.688419, 0.662954
21.2084535, 0.00130385, 11.6565, 11.0956, 12.9957, 12.495, -2.33703, 2.3869, -0.702696, 0.653964
21.2818313, 0.00111759, 11.7038, 11.08, 13.009, 12.4507, -2.33565, 2.39119, -0.706402, 0.652104
21.3562314, 0.00139698, 11.7519, 11.067, 13.02, 12.4054, -2.33447, 2.39554, -0.710148, 0.650412
21.4296703, 0.00102445, 11.8006, 11.0567, 13.0288, 12.3591, -2.33351, 2.39997, -0.713926, 0.648892
21.5030475, 0.00111759, 11.8498, 11.049, 13.0353, 12.3119, -2.33277, 2.40444, -0.717729, 0.64755
21.5968151, 0.00111759, 11.8994, 11.044, 13.0396, 12.264, -2.33224, 2.40894, -0.72155, 0.646393
21.6697331, 0.00130385, 11.9492, 11.0417, 13.0415, 12.2154, -2.33192, 2.41346, -0.725381, 0.645423
21.7441025, 0.00111759, 11.9992, 11.0422, 13.0411, 12.1663, -2.33181, 2.41799, -0.729214, 0.644646
21.8185270, 0.00111759, 12.0491, 11.0454, 13.0384, 12.1169, -2.33191, 2.4225, -0.733042, 0.644066
21.9668346, 0.00111759, 12.1486, 11.0599, 13.0261, 12.0171, -2.33272, 2.43145, -0.740653, 0.643513
22.0412075, 0.00130385, 12.1978, 11.0712, 13.0165, 11.9671, -2.33343, 2.43585, -0.744421, 0.643546
22.1915257, 0.00102445, 12.2948, 11.1015, 12.9906, 11.8675, -2.33542, 2.44444, -0.751845, 0.644244
22.2654301, 0.00121072, 12.3422, 11.1205, 12.9744, 11.8182, -2.3367, 2.4486, -0.755486, 0.644912
22.3398298, 0.00111759, 12.3889, 11.142, 12.9559, 11.7693, -2.33815, 2.45266, -0.759069, 0.645794
22.4147257, 0.00139698, 12.4346, 11.1659, 12.9353, 11.721, -2.33978, 2.4566, -0.762588, 0.646891
22.4905839, 0.00102445, 12.4792, 11.1921, 12.9127, 11.6734, -2.34158, 2.4604, -0.766035, 0.648202
22.6389200, 0.00130385, 12.5651, 11.2512, 12.8612, 11.5809, -2.34567, 2.46759, -0.772684, 0.651464
22.7138138, 0.00130385, 12.6061, 11.2839, 12.8325, 11.5363, -2.34794, 2.47094, -0.775872, 0.65341
22.8626143, 0.00111759, 12.6838, 11.3551, 12.7696, 11.4508, -2.35292, 2.47714, -0.781937, 0.657918
22.9355257, 0.00139698, 12.7203, 11.3933, 12.7355, 11.4102, -2.3556, 2.47997, -0.784801, 0.660471
23.0818160, 0.00102445, 12.7883, 11.4747, 12.6622, 11.334, -2.36135, 2.48505, -0.790155, 0.666151
23.2306493, 0.00111759, 12.8492, 11.5617, 12.5828, 11.2649, -2.36753, 2.48932, -0.794968, 0.672549
23.3065382, 0.00102445, 12.8767, 11.607, 12.5411, 11.2334, -2.37077, 2.49115, -0.797155, 0.675998
23.4027586, 0.00102445, 12.9023, 11.6533, 12.498, 11.204, -2.37411, 2.49276, -0.799187, 0.679602
23.4756699, 0.00111759, 12.9259, 11.7005, 12.4538, 11.1768, -2.37752, 2.49417, -0.801058, 0.683351
23.5510320, 0.00121072, 12.9474, 11.7485, 12.4085, 11.1519, -2.38101, 2.49536, -0.802762, 0.687234
23.6244384, 0.00121072, 12.9667, 11.7972, 12.3623, 11.1294, -2.38457, 2.49633, -0.804294, 0.691239
23.6973501, 0.00102445, 12.9839, 11.8464, 12.3152, 11.1094, -2.38818, 2.49709, -0.805648, 0.695357
23.7722756, 0.00121072, 12.9989, 11.8959, 12.2673, 11.0918, -2.39185, 2.49764, -0.806818, 0.699573
23.8471739, 0.00111759, 13.0117, 11.9458, 12.2188, 11.0768, -2.39557, 2.49797, -0.807801, 0.703875
24.0113200, 0.00130385, 13.0305, 12.0457, 12.1203, 11.0546, -2.40311, 2.498, -0.809185, 0.712683
24.0847578, 0.00111759, 13.0365, 12.0956, 12.0705, 11.0476, -2.40692, 2.49771, -0.809577, 0.717161
24.2320393, 0.00102445, 13.0416, 12.1945, 11.9706, 11.0416, -2.41457, 2.49653, -0.809747, 0.726194
24.3833473, 0.00121072, 13.0374, 12.2915, 11.871, 11.0465, -2.42223, 2.49456, -0.809079, 0.735233
24.4577499, 0.00121072, 13.0319, 12.339, 11.8216, 11.053, -2.42604, 2.4933, -0.808426, 0.739719
24.5316243, 0.00111759, 13.0241, 12.3857, 11.7726, 11.0623, -2.42983, 2.49185, -0.807558, 0.744162
24.6045666, 0.00139698, 13.014, 12.4315, 11.7243, 11.0741, -2.43359, 2.49023, -0.806476, 0.748549
24.6789674, 0.00111759, 13.0016, 12.4762, 11.6767, 11.0886, -2.43732, 2.48845, -0.80518, 0.752867
24.9021667, 0.00111759, 12.9514, 12.6033, 11.5393, 11.1473, -2.44819, 2.48212, -0.800015, 0.765268
24.9750481, 0.00111759, 12.9303, 12.643, 11.4958, 11.1717, -2.4517, 2.47971, -0.797877, 0.769176
25.1238821, 0.00130385, 12.8819, 12.7179, 11.413, 11.2274, -2.45847, 2.47449, -0.792995, 0.776585
25.1982805, 0.00111759, 12.8548, 12.7528, 11.3739, 11.2585, -2.46173, 2.47168, -0.790262, 0.780066
25.2721506, 0.00121072, 12.8257, 12.7861, 11.3365, 11.2917, -2.4649, 2.46876, -0.787342, 0.783384
25.4199906, 0.00121072, 0.990781, 0.991292, 1.00878, 1.00928, 0.0238931, 0.0400297, 0.0234668, 0.039316
25.4929023, 0.00111759, 0.990781, 0.991293, 1.00878, 1.00928, 0.0238987, 0.0400354, 0.0234723, 0.0393215
25.7215273, 0.00102445, 0.990781, 0.991293, 1.00878, 1.00928, 0.0239133, 0.0400499, 0.0234866, 0.0393358
25.8698613, 0.00102445, 0.990781, 0.991293, 1.00878, 1.00928, 0.0239222, 0.0400589, 0.0234954, 0.0393446
25.9427741, 0.00111759, 0.990781, 0.991293, 1.00878, 1.00928, 0.0239279, 0.0400645, 0.023501, 0.0393501
26.0161523, 0.00111759, 0.990781, 0.991293, 1.00878, 1.00928, 0.0239335, 0.0400701, 0.0235065, 0.0393557
26.0890644, 0.00139698, 0.990781, 0.991293, 1.00878, 1.00928, 0.0239406, 0.0400772, 0.0235134, 0.0393626
26.2388864, 0.00130385, 0.990781, 0.991293, 1.00878, 1.00928, 0.0239518, 0.0400884, 0.0235245, 0.0393737
26.3147446, 0.00130385, 0.990781, 0.991293, 1.00878, 1.00928, 0.0239584, 0.040095, 0.023531, 0.0393801
26.6044386, 0.00130385, 0.99078, 0.991293, 1.00878, 1.00928, 0.0239791, 0.0401157, 0.0235513, 0.0394004
26.6813187, 0.00130385, 0.99078, 0.991293, 1.00878, 1.00928, 0.0239857, 0.0401223, 0.0235577, 0.0394069
26.7571762, 0.00130385, 0.99078, 0.991293, 1.00878, 1.00928, 0.0239923, 0.0401288, 0.0235642, 0.0394134
26.8985365, 0.00111759, 0.99078, 0.991293, 1.00878, 1.00928, 0.0240026, 0.0401392, 0.0235743, 0.0394235
26.9675109, 0.00111759, 0.99078, 0.991293, 1.00878, 1.00928, 0.0240082, 0.0401448, 0.0235799, 0.039429
27.0359271, 0.00102445, 0.99078, 0.991293, 1.00878, 1.00928, 0.0240134, 0.04015, 0.023585, 0.0394341
27.1058644, 0.00111759, 0.99078, 0.991294, 1.00878, 1.00928, 0.024019, 0.0401556, 0.0235905, 0.0394397
27.1758145, 0.00111759, 0.99078, 0.991294, 1.00878, 1.00928, 0.0240247, 0.0401613, 0.023596, 0.0394452
27.2635908, 0.00102445, 0.99078, 0.991294, 1.00877, 1.00928, 0.0240299, 0.0401664, 0.0236011, 0.0394503
27.3320715, 0.00149012, 0.99078, 0.991294, 1.00877, 1.00928, 0.0240374, 0.0401739, 0.0236085, 0.0394576
27.5051431, 0.00167638, 0.99078, 0.991294, 1.00877, 1.00928, 0.0240505, 0.0401871, 0.0236214, 0.0394706
